{
	"req_serial_num":"2022020980cb4ba1acc273fe4c560636",
	"result_code":"1",
	"result_data":{
		"curPage":1,
		"isMore":null,
		"pageList":[
			{
				"batch_id":"0004379866000000",
				"command_status":8,
				"command_type":10404,
				"create_time":"2022-01-19 15:57:51",
				"device_code":"247",
				"device_model":null,
				"device_model_id":null,
				"expire_second":300,
				"log_type":"0",
				"logger_code":"247",
				"operate_user_id":-1,
				"over_time":"2022-01-19 16:02:51",
				"remark":"结束",
				"set_cancel_num":0,
				"set_fail_num":0,
				"set_finish_num":1,
				"set_overtime_num":1,
				"set_success_num":0,
				"set_total_num":1,
				"sn":"B2008173084",
				"task_id":1522366,
				"task_name":"B2008173084日志",
				"update_time":"2022-01-19 16:02:51"
			},
			{
				"batch_id":"0004378517000000",
				"command_status":8,
				"command_type":10404,
				"create_time":"2022-01-19 13:39:33",
				"device_code":"247",
				"device_model":null,
				"device_model_id":null,
				"expire_second":600,
				"log_type":"0",
				"logger_code":"247",
				"operate_user_id":-1,
				"over_time":"2022-01-19 13:43:12",
				"remark":"处理结束",
				"set_cancel_num":0,
				"set_fail_num":0,
				"set_finish_num":1,
				"set_overtime_num":0,
				"set_success_num":1,
				"set_total_num":1,
				"sn":"B2162501687",
				"task_id":1522214,
				"task_name":"rizhi",
				"update_time":"2022-01-19 13:43:12"
			},
			{
				"batch_id":"0004265737000000",
				"command_status":8,
				"command_type":10404,
				"create_time":"2022-01-08 13:29:50",
				"device_code":"247",
				"device_model":null,
				"device_model_id":null,
				"expire_second":600,
				"log_type":"0",
				"logger_code":"247",
				"operate_user_id":-1,
				"over_time":"2022-01-08 13:31:37",
				"remark":"处理结束",
				"set_cancel_num":0,
				"set_fail_num":0,
				"set_finish_num":1,
				"set_overtime_num":0,
				"set_success_num":1,
				"set_total_num":1,
				"sn":"B2181300208",
				"task_id":1506374,
				"task_name":"test2201085000",
				"update_time":"2022-01-08 13:31:37"
			},
			{
				"batch_id":"0004232723000000",
				"command_status":8,
				"command_type":10404,
				"create_time":"2022-01-02 10:06:28",
				"device_code":"247",
				"device_model":null,
				"device_model_id":null,
				"expire_second":600,
				"log_type":"0",
				"logger_code":"247",
				"operate_user_id":-1,
				"over_time":"2022-01-02 10:07:58",
				"remark":"处理结束",
				"set_cancel_num":0,
				"set_fail_num":0,
				"set_finish_num":1,
				"set_overtime_num":0,
				"set_success_num":1,
				"set_total_num":1,
				"sn":"B2181300208",
				"task_id":1500586,
				"task_name":"test220102600",
				"update_time":"2022-01-02 10:07:58"
			},
			{
				"batch_id":"0004070029000000",
				"command_status":8,
				"command_type":10404,
				"create_time":"2021-12-21 14:05:15",
				"device_code":"247",
				"device_model":null,
				"device_model_id":null,
				"expire_second":300,
				"log_type":"0",
				"logger_code":"247",
				"operate_user_id":-1,
				"over_time":"2021-12-21 14:14:05",
				"remark":"处理结束",
				"set_cancel_num":0,
				"set_fail_num":0,
				"set_finish_num":2,
				"set_overtime_num":0,
				"set_success_num":1,
				"set_total_num":1,
				"sn":"B2191401126",
				"task_id":1450702,
				"task_name":"test211221100",
				"update_time":"2021-12-21 14:14:05"
			},
			{
				"batch_id":"0004060437000000",
				"command_status":8,
				"command_type":10404,
				"create_time":"2021-12-21 10:23:42",
				"device_code":"247",
				"device_model":null,
				"device_model_id":null,
				"expire_second":600,
				"log_type":"0",
				"logger_code":"247",
				"operate_user_id":-1,
				"over_time":"2021-12-21 10:26:38",
				"remark":"处理结束",
				"set_cancel_num":0,
				"set_fail_num":0,
				"set_finish_num":1,
				"set_overtime_num":0,
				"set_success_num":1,
				"set_total_num":1,
				"sn":"B2192900499",
				"task_id":1447274,
				"task_name":"123",
				"update_time":"2021-12-21 10:26:38"
			},
			{
				"batch_id":"0004059561000000",
				"command_status":8,
				"command_type":10404,
				"create_time":"2021-12-21 10:04:09",
				"device_code":"247",
				"device_model":null,
				"device_model_id":null,
				"expire_second":600,
				"log_type":"0",
				"logger_code":"247",
				"operate_user_id":-1,
				"over_time":"2021-12-21 10:07:05",
				"remark":"处理结束",
				"set_cancel_num":0,
				"set_fail_num":0,
				"set_finish_num":1,
				"set_overtime_num":0,
				"set_success_num":1,
				"set_total_num":1,
				"sn":"B2192900499",
				"task_id":1446991,
				"task_name":"123",
				"update_time":"2021-12-21 10:07:05"
			},
			{
				"batch_id":"0003873363000000",
				"command_status":8,
				"command_type":10404,
				"create_time":"2021-12-17 08:23:52",
				"device_code":"247",
				"device_model":null,
				"device_model_id":null,
				"expire_second":600,
				"log_type":"0",
				"logger_code":"247",
				"operate_user_id":-1,
				"over_time":"2021-12-17 08:35:57",
				"remark":"处理结束",
				"set_cancel_num":0,
				"set_fail_num":0,
				"set_finish_num":2,
				"set_overtime_num":0,
				"set_success_num":1,
				"set_total_num":1,
				"sn":"B2191600642",
				"task_id":1399938,
				"task_name":"1234",
				"update_time":"2021-12-17 08:35:57"
			},
			{
				"batch_id":"0003829657000000",
				"command_status":8,
				"command_type":10404,
				"create_time":"2021-12-15 16:29:26",
				"device_code":"247",
				"device_model":null,
				"device_model_id":null,
				"expire_second":600,
				"log_type":"0",
				"logger_code":"247",
				"operate_user_id":-1,
				"over_time":"2021-12-15 16:40:18",
				"remark":"处理结束",
				"set_cancel_num":0,
				"set_fail_num":0,
				"set_finish_num":2,
				"set_overtime_num":0,
				"set_success_num":1,
				"set_total_num":1,
				"sn":"B2191601015",
				"task_id":1382498,
				"task_name":"1629",
				"update_time":"2021-12-15 16:40:18"
			},
			{
				"batch_id":"0003824509000000",
				"command_status":8,
				"command_type":10404,
				"create_time":"2021-12-15 14:20:53",
				"device_code":"247",
				"device_model":null,
				"device_model_id":null,
				"expire_second":600,
				"log_type":"0",
				"logger_code":"247",
				"operate_user_id":-1,
				"over_time":"2021-12-15 14:33:25",
				"remark":"处理结束",
				"set_cancel_num":0,
				"set_fail_num":0,
				"set_finish_num":2,
				"set_overtime_num":0,
				"set_success_num":1,
				"set_total_num":1,
				"sn":"B2191600642",
				"task_id":1380324,
				"task_name":"123",
				"update_time":"2021-12-15 14:33:25"
			},
			{
				"batch_id":"0003810895000000",
				"command_status":8,
				"command_type":10404,
				"create_time":"2021-12-15 08:24:46",
				"device_code":"247",
				"device_model":null,
				"device_model_id":null,
				"expire_second":600,
				"log_type":"0",
				"logger_code":"247",
				"operate_user_id":-1,
				"over_time":"2021-12-15 08:34:50",
				"remark":"结束",
				"set_cancel_num":0,
				"set_fail_num":0,
				"set_finish_num":1,
				"set_overtime_num":1,
				"set_success_num":0,
				"set_total_num":1,
				"sn":"B2191600642 ",
				"task_id":1374992,
				"task_name":"B2191600642 ",
				"update_time":"2021-12-15 08:34:50"
			},
			{
				"batch_id":"0003798812000000",
				"command_status":8,
				"command_type":10404,
				"create_time":"2021-12-14 18:39:15",
				"device_code":"247",
				"device_model":null,
				"device_model_id":null,
				"expire_second":600,
				"log_type":"0",
				"logger_code":"247",
				"operate_user_id":-1,
				"over_time":"2021-12-14 18:48:12",
				"remark":"处理结束",
				"set_cancel_num":0,
				"set_fail_num":0,
				"set_finish_num":1,
				"set_overtime_num":0,
				"set_success_num":1,
				"set_total_num":1,
				"sn":"B2191600642",
				"task_id":1369274,
				"task_name":"1234",
				"update_time":"2021-12-14 18:48:12"
			},
			{
				"batch_id":"0003798700000000",
				"command_status":8,
				"command_type":10404,
				"create_time":"2021-12-14 18:34:13",
				"device_code":"247",
				"device_model":null,
				"device_model_id":null,
				"expire_second":600,
				"log_type":"0",
				"logger_code":"247",
				"operate_user_id":-1,
				"over_time":"2021-12-14 18:50:13",
				"remark":"处理结束",
				"set_cancel_num":0,
				"set_fail_num":0,
				"set_finish_num":2,
				"set_overtime_num":0,
				"set_success_num":1,
				"set_total_num":1,
				"sn":"B2191601024",
				"task_id":1369232,
				"task_name":"123",
				"update_time":"2021-12-14 18:50:13"
			},
			{
				"batch_id":"0003647345000000",
				"command_status":8,
				"command_type":10404,
				"create_time":"2021-12-09 17:56:14",
				"device_code":"247",
				"device_model":null,
				"device_model_id":null,
				"expire_second":10,
				"log_type":"0",
				"logger_code":"247",
				"operate_user_id":-1,
				"over_time":"2021-12-09 17:56:24",
				"remark":"结束",
				"set_cancel_num":0,
				"set_fail_num":0,
				"set_finish_num":1,
				"set_overtime_num":1,
				"set_success_num":0,
				"set_total_num":1,
				"sn":"B2161504758",
				"task_id":1311820,
				"task_name":"123",
				"update_time":"2021-12-09 17:56:24"
			},
			{
				"batch_id":"0003647253000000",
				"command_status":8,
				"command_type":10404,
				"create_time":"2021-12-09 17:54:11",
				"device_code":"247",
				"device_model":null,
				"device_model_id":null,
				"expire_second":10,
				"log_type":"0",
				"logger_code":"247",
				"operate_user_id":-1,
				"over_time":"2021-12-09 17:54:24",
				"remark":"结束",
				"set_cancel_num":0,
				"set_fail_num":0,
				"set_finish_num":1,
				"set_overtime_num":1,
				"set_success_num":0,
				"set_total_num":1,
				"sn":"B2161504758",
				"task_id":1311769,
				"task_name":"123",
				"update_time":"2021-12-09 17:54:24"
			},
			{
				"batch_id":"0003646984000000",
				"command_status":8,
				"command_type":10404,
				"create_time":"2021-12-09 17:44:31",
				"device_code":"247",
				"device_model":null,
				"device_model_id":null,
				"expire_second":600,
				"log_type":"0",
				"logger_code":"247",
				"operate_user_id":-1,
				"over_time":"2021-12-09 17:54:34",
				"remark":"结束",
				"set_cancel_num":0,
				"set_fail_num":0,
				"set_finish_num":1,
				"set_overtime_num":1,
				"set_success_num":0,
				"set_total_num":1,
				"sn":"A2181600588",
				"task_id":1311651,
				"task_name":"A2181600588",
				"update_time":"2021-12-09 17:54:34"
			},
			{
				"batch_id":"0003644638000000",
				"command_status":8,
				"command_type":10404,
				"create_time":"2021-12-09 16:56:36",
				"device_code":"247",
				"device_model":null,
				"device_model_id":null,
				"expire_second":600,
				"log_type":"0",
				"logger_code":"247",
				"operate_user_id":-1,
				"over_time":"2021-12-09 17:06:39",
				"remark":"结束",
				"set_cancel_num":0,
				"set_fail_num":0,
				"set_finish_num":1,
				"set_overtime_num":1,
				"set_success_num":0,
				"set_total_num":1,
				"sn":"A2181600588",
				"task_id":1310599,
				"task_name":"A2181600588",
				"update_time":"2021-12-09 17:06:39"
			},
			{
				"batch_id":"0003644512000000",
				"command_status":8,
				"command_type":10404,
				"create_time":"2021-12-09 16:54:50",
				"device_code":"247",
				"device_model":null,
				"device_model_id":null,
				"expire_second":600,
				"log_type":"1",
				"logger_code":"247",
				"operate_user_id":-1,
				"over_time":"2021-12-09 17:04:54",
				"remark":"结束",
				"set_cancel_num":0,
				"set_fail_num":0,
				"set_finish_num":1,
				"set_overtime_num":1,
				"set_success_num":0,
				"set_total_num":1,
				"sn":"B2132000159",
				"task_id":1310534,
				"task_name":"bdd2",
				"update_time":"2021-12-09 17:04:54"
			},
			{
				"batch_id":"0003644465000000",
				"command_status":8,
				"command_type":10404,
				"create_time":"2021-12-09 16:52:43",
				"device_code":"247",
				"device_model":null,
				"device_model_id":null,
				"expire_second":600,
				"log_type":"0",
				"logger_code":"247",
				"operate_user_id":-1,
				"over_time":"2021-12-09 17:02:44",
				"remark":"结束",
				"set_cancel_num":0,
				"set_fail_num":0,
				"set_finish_num":1,
				"set_overtime_num":1,
				"set_success_num":0,
				"set_total_num":1,
				"sn":"A2191803947",
				"task_id":1310514,
				"task_name":"A2191803947",
				"update_time":"2021-12-09 17:02:44"
			},
			{
				"batch_id":"0003640676000000",
				"command_status":8,
				"command_type":10404,
				"create_time":"2021-12-09 15:52:11",
				"device_code":"247",
				"device_model":null,
				"device_model_id":null,
				"expire_second":600,
				"log_type":"0",
				"logger_code":"247",
				"operate_user_id":-1,
				"over_time":"2021-12-09 15:59:08",
				"remark":"处理结束",
				"set_cancel_num":0,
				"set_fail_num":0,
				"set_finish_num":1,
				"set_overtime_num":0,
				"set_success_num":1,
				"set_total_num":1,
				"sn":"B2132000159",
				"task_id":1309001,
				"task_name":"bdd",
				"update_time":"2021-12-09 15:59:08"
			},
			{
				"batch_id":"0003632091000000",
				"command_status":8,
				"command_type":10404,
				"create_time":"2021-12-09 12:06:31",
				"device_code":"247",
				"device_model":null,
				"device_model_id":null,
				"expire_second":600,
				"log_type":"0",
				"logger_code":"247",
				"operate_user_id":-1,
				"over_time":"2021-12-09 12:12:45",
				"remark":"处理结束",
				"set_cancel_num":0,
				"set_fail_num":0,
				"set_finish_num":1,
				"set_overtime_num":0,
				"set_success_num":1,
				"set_total_num":1,
				"sn":"B2132000159",
				"task_id":1305127,
				"task_name":"132",
				"update_time":"2021-12-09 12:12:45"
			},
			{
				"batch_id":"0003597424000000",
				"command_status":8,
				"command_type":10404,
				"create_time":"2021-12-08 10:07:04",
				"device_code":"247",
				"device_model":null,
				"device_model_id":null,
				"expire_second":300,
				"log_type":"0",
				"logger_code":"247",
				"operate_user_id":-1,
				"over_time":"2021-12-08 10:12:46",
				"remark":"处理结束",
				"set_cancel_num":0,
				"set_fail_num":0,
				"set_finish_num":2,
				"set_overtime_num":0,
				"set_success_num":1,
				"set_total_num":1,
				"sn":"B2132000159",
				"task_id":1289537,
				"task_name":"test211208100",
				"update_time":"2021-12-08 10:12:46"
			},
			{
				"batch_id":"0003380315000000",
				"command_status":8,
				"command_type":10404,
				"create_time":"2021-12-01 10:11:41",
				"device_code":"247",
				"device_model":null,
				"device_model_id":null,
				"expire_second":600,
				"log_type":"0",
				"logger_code":"247",
				"operate_user_id":-1,
				"over_time":"2021-12-01 10:14:00",
				"remark":"处理结束",
				"set_cancel_num":0,
				"set_fail_num":0,
				"set_finish_num":1,
				"set_overtime_num":0,
				"set_success_num":1,
				"set_total_num":1,
				"sn":"B2131103216",
				"task_id":1193338,
				"task_name":"B2131103216",
				"update_time":"2021-12-01 10:14:00"
			},
			{
				"batch_id":"0003365360000000",
				"command_status":8,
				"command_type":10404,
				"create_time":"2021-11-30 16:48:40",
				"device_code":"247",
				"device_model":null,
				"device_model_id":null,
				"expire_second":600,
				"log_type":"0",
				"logger_code":"247",
				"operate_user_id":-1,
				"over_time":"2021-11-30 16:57:24",
				"remark":"处理结束",
				"set_cancel_num":0,
				"set_fail_num":0,
				"set_finish_num":1,
				"set_overtime_num":0,
				"set_success_num":1,
				"set_total_num":1,
				"sn":"B20C2504988",
				"task_id":1187075,
				"task_name":"B20C2504988",
				"update_time":"2021-11-30 16:57:24"
			},
			{
				"batch_id":"0003364015000000",
				"command_status":8,
				"command_type":10404,
				"create_time":"2021-11-30 15:57:08",
				"device_code":"247",
				"device_model":null,
				"device_model_id":null,
				"expire_second":600,
				"log_type":"0",
				"logger_code":"247",
				"operate_user_id":-1,
				"over_time":"2021-11-30 16:07:09",
				"remark":"结束",
				"set_cancel_num":0,
				"set_fail_num":0,
				"set_finish_num":1,
				"set_overtime_num":1,
				"set_success_num":0,
				"set_total_num":1,
				"sn":"A200102J853",
				"task_id":1186350,
				"task_name":"A200102J853",
				"update_time":"2021-11-30 16:07:09"
			},
			{
				"batch_id":"0003363524000000",
				"command_status":8,
				"command_type":10404,
				"create_time":"2021-11-30 15:38:50",
				"device_code":"247",
				"device_model":null,
				"device_model_id":null,
				"expire_second":600,
				"log_type":"0",
				"logger_code":"247",
				"operate_user_id":-1,
				"over_time":"2021-11-30 16:04:01",
				"remark":"处理结束",
				"set_cancel_num":0,
				"set_fail_num":0,
				"set_finish_num":2,
				"set_overtime_num":0,
				"set_success_num":1,
				"set_total_num":1,
				"sn":"A20B2513392",
				"task_id":1186097,
				"task_name":"A20B2513392",
				"update_time":"2021-11-30 16:04:01"
			},
			{
				"batch_id":"0003344375000000",
				"command_status":8,
				"command_type":10404,
				"create_time":"2021-11-29 20:22:18",
				"device_code":"247",
				"device_model":null,
				"device_model_id":null,
				"expire_second":1000,
				"log_type":"0",
				"logger_code":"247",
				"operate_user_id":-1,
				"over_time":"2021-11-29 20:24:29",
				"remark":"处理结束",
				"set_cancel_num":0,
				"set_fail_num":0,
				"set_finish_num":1,
				"set_overtime_num":0,
				"set_success_num":1,
				"set_total_num":1,
				"sn":"B2161702940",
				"task_id":1178049,
				"task_name":"123",
				"update_time":"2021-11-29 20:24:29"
			},
			{
				"batch_id":"0003056618000000",
				"command_status":8,
				"command_type":10404,
				"create_time":"2021-11-19 13:36:59",
				"device_code":"247",
				"device_model":null,
				"device_model_id":null,
				"expire_second":600,
				"log_type":"1",
				"logger_code":"247",
				"operate_user_id":-1,
				"over_time":"2021-11-19 13:48:42",
				"remark":"处理结束",
				"set_cancel_num":0,
				"set_fail_num":0,
				"set_finish_num":2,
				"set_overtime_num":0,
				"set_success_num":1,
				"set_total_num":1,
				"sn":"B2142901254",
				"task_id":1049109,
				"task_name":"test1119030",
				"update_time":"2021-11-19 13:48:42"
			},
			{
				"batch_id":"0003055630000000",
				"command_status":8,
				"command_type":10404,
				"create_time":"2021-11-19 13:12:19",
				"device_code":"247",
				"device_model":null,
				"device_model_id":null,
				"expire_second":600,
				"log_type":"0",
				"logger_code":"247",
				"operate_user_id":-1,
				"over_time":"2021-11-19 13:23:57",
				"remark":"处理结束",
				"set_cancel_num":0,
				"set_fail_num":0,
				"set_finish_num":2,
				"set_overtime_num":0,
				"set_success_num":1,
				"set_total_num":1,
				"sn":"B2142901254",
				"task_id":1048570,
				"task_name":"test1119020",
				"update_time":"2021-11-19 13:23:57"
			},
			{
				"batch_id":"0003026601000000",
				"command_status":8,
				"command_type":10404,
				"create_time":"2021-11-18 14:42:33",
				"device_code":"247",
				"device_model":null,
				"device_model_id":null,
				"expire_second":600,
				"log_type":"0",
				"logger_code":"247",
				"operate_user_id":-1,
				"over_time":"2021-11-18 14:47:11",
				"remark":"处理结束",
				"set_cancel_num":0,
				"set_fail_num":0,
				"set_finish_num":1,
				"set_overtime_num":0,
				"set_success_num":1,
				"set_total_num":1,
				"sn":"A20B2513443",
				"task_id":1034873,
				"task_name":"A20B2513443",
				"update_time":"2021-11-18 14:47:11"
			},
			{
				"batch_id":"0003012913000000",
				"command_status":8,
				"command_type":10404,
				"create_time":"2021-11-18 08:37:05",
				"device_code":"247",
				"device_model":null,
				"device_model_id":null,
				"expire_second":600,
				"log_type":"0",
				"logger_code":"247",
				"operate_user_id":-1,
				"over_time":"2021-11-18 08:45:39",
				"remark":"处理结束",
				"set_cancel_num":0,
				"set_fail_num":0,
				"set_finish_num":1,
				"set_overtime_num":0,
				"set_success_num":1,
				"set_total_num":1,
				"sn":"A20B2513443",
				"task_id":1028119,
				"task_name":"A20B2513443",
				"update_time":"2021-11-18 08:45:39"
			}
		],
		"rowCount":31,
		"size":10,
		"startIndex":null,
		"totalPage":null
	},
	"result_msg":"success"
}