{
	"req_serial_num":"20220209cce04b97bfa22b4f8a144845",
	"result_code":"1",
	"result_data":{
		"pageList":[
			{
				"command_status":8,
				"command_type":10325,
				"create_time":"2022-02-06 11:10:14",
				"operate_user_id":276937,
				"over_time":"2022-02-06 11:10:15",
				"ps_id":1129147,
				"set_cancel_num":0,
				"set_fail_num":0,
				"set_finish_num":47,
				"set_overtime_num":0,
				"set_success_num":47,
				"set_total_num":47,
				"sweep_dev_param_set_type":0,
				"task_id":1566045,
				"task_name":"2022-02-06 12:10 SH10RT Inverter Parameter Query",
				"task_type":2,
				"template_type":1,
				"update_time":"2022-02-06 11:10:15",
				"user_english_name":null,
				"user_name":"MickMake",
				"uuid":844775
			},
			{
				"command_status":8,
				"command_type":10325,
				"create_time":"2022-01-29 06:12:04",
				"operate_user_id":276937,
				"over_time":"2022-01-29 06:12:06",
				"ps_id":1129147,
				"set_cancel_num":0,
				"set_fail_num":0,
				"set_finish_num":47,
				"set_overtime_num":0,
				"set_success_num":47,
				"set_total_num":47,
				"sweep_dev_param_set_type":0,
				"task_id":1548736,
				"task_name":"2022-01-29 07:12 SH10RT(COM1-001) Inverter Parameter Query",
				"task_type":2,
				"template_type":1,
				"update_time":"2022-01-29 06:12:06",
				"user_english_name":null,
				"user_name":"MickMake",
				"uuid":844775
			},
			{
				"command_status":8,
				"command_type":10303,
				"create_time":"2022-01-29 06:11:44",
				"operate_user_id":276937,
				"over_time":"2022-01-29 06:11:44",
				"ps_id":1129147,
				"set_cancel_num":0,
				"set_fail_num":0,
				"set_finish_num":2,
				"set_overtime_num":0,
				"set_success_num":2,
				"set_total_num":2,
				"sweep_dev_param_set_type":0,
				"task_id":1548735,
				"task_name":"2022-01-29 07:11 Energy Management Parameters Settings",
				"task_type":0,
				"template_type":1,
				"update_time":"2022-01-29 06:11:44",
				"user_english_name":null,
				"user_name":"MickMake",
				"uuid":844775
			},
			{
				"command_status":8,
				"command_type":10303,
				"create_time":"2022-01-28 15:57:39",
				"operate_user_id":276937,
				"over_time":"2022-01-28 15:57:52",
				"ps_id":1129147,
				"set_cancel_num":0,
				"set_fail_num":0,
				"set_finish_num":81,
				"set_overtime_num":0,
				"set_success_num":81,
				"set_total_num":81,
				"sweep_dev_param_set_type":0,
				"task_id":1547922,
				"task_name":"2022-01-28 16:57 Initial Grid Settings",
				"task_type":1,
				"template_type":3,
				"update_time":"2022-01-28 15:57:52",
				"user_english_name":null,
				"user_name":"MickMake",
				"uuid":844775
			},
			{
				"command_status":8,
				"command_type":10303,
				"create_time":"2022-01-28 15:56:06",
				"operate_user_id":276937,
				"over_time":"2022-01-28 15:56:20",
				"ps_id":1129147,
				"set_cancel_num":0,
				"set_fail_num":0,
				"set_finish_num":81,
				"set_overtime_num":0,
				"set_success_num":81,
				"set_total_num":81,
				"sweep_dev_param_set_type":0,
				"task_id":1547918,
				"task_name":"2022-01-28 16:56 Initial Grid Settings",
				"task_type":1,
				"template_type":3,
				"update_time":"2022-01-28 15:56:20",
				"user_english_name":null,
				"user_name":"MickMake",
				"uuid":844775
			}
		],
		"rowCount":5
	},
	"result_msg":"success"
}