{
	"req_serial_num":"202202093fdd4ab1ad30c8540e5eb865",
	"result_code":"1",
	"result_data":{
		"pageList":[
			{
				"chnnl_id":1,
				"command_status":4,
				"country_id":6,
				"create_time":"2022-02-06 11:10:14",
				"data_flag_detail":1813,
				"device_area":"844763",
				"device_area_name":"MickMake",
				"device_model":"SH10RT",
				"device_model_code":"SH10RT",
				"device_model_id":714,
				"device_name":"SH10RT",
				"device_pro_sn":"A2192703899",
				"device_type":14,
				"device_uuid":844775,
				"grid_type_id":0,
				"is_haveversion":1,
				"lcd_version":"SAPPHIRE-H_01011.01.18",
				"machine_version":"011",
				"mdsp_version":"SAPPHIRE-H_03011.01.15",
				"modbus_address":"30030",
				"module":1,
				"point_id":10641,
				"point_name":"Start/Stop",
				"ps_id":1129147,
				"ps_name":"MickMake",
				"ps_short_name":"B2192301528",
				"return_value":"207",
				"sdsp_version":"SUBCTL-S_04011.01.01",
				"set_precision":"1",
				"set_val_name":"Boot|Shutdown",
				"set_val_name_val":"207|206",
				"set_value":"0",
				"sn":"B2192301528",
				"task_detail_command_type":"10325",
				"task_detail_id":9942225,
				"task_id":1566045,
				"task_type":2,
				"unit":"",
				"update_time":"2022-02-06 11:10:14",
				"version1":"SAPPHIRE-H_01011.01.18",
				"version2":"SAPPHIRE-H_03011.01.15",
				"version3":"SUBCTL-S_04011.01.01",
				"version4":null,
				"version5":null,
				"version6":null,
				"version7":null,
				"version8":null
			},
			{
				"chnnl_id":1,
				"command_status":4,
				"country_id":6,
				"create_time":"2022-02-06 11:10:14",
				"data_flag_detail":1813,
				"device_area":"844763",
				"device_area_name":"MickMake",
				"device_model":"SH10RT",
				"device_model_code":"SH10RT",
				"device_model_id":714,
				"device_name":"SH10RT",
				"device_pro_sn":"A2192703899",
				"device_type":14,
				"device_uuid":844775,
				"grid_type_id":0,
				"is_haveversion":1,
				"lcd_version":"SAPPHIRE-H_01011.01.18",
				"machine_version":"011",
				"mdsp_version":"SAPPHIRE-H_03011.01.15",
				"modbus_address":"33000",
				"module":1,
				"point_id":10885,
				"point_name":"Backup Mode",
				"ps_id":1129147,
				"ps_name":"MickMake",
				"ps_short_name":"B2192301528",
				"return_value":"85",
				"sdsp_version":"SUBCTL-S_04011.01.01",
				"set_precision":"1",
				"set_val_name":"Disable|Enable",
				"set_val_name_val":"85|170",
				"set_value":"0",
				"sn":"B2192301528",
				"task_detail_command_type":"10325",
				"task_detail_id":9942226,
				"task_id":1566045,
				"task_type":2,
				"unit":"",
				"update_time":"2022-02-06 11:10:14",
				"version1":"SAPPHIRE-H_01011.01.18",
				"version2":"SAPPHIRE-H_03011.01.15",
				"version3":"SUBCTL-S_04011.01.01",
				"version4":null,
				"version5":null,
				"version6":null,
				"version7":null,
				"version8":null
			},
			{
				"chnnl_id":1,
				"command_status":4,
				"country_id":6,
				"create_time":"2022-02-06 11:10:14",
				"data_flag_detail":1813,
				"device_area":"844763",
				"device_area_name":"MickMake",
				"device_model":"SH10RT",
				"device_model_code":"SH10RT",
				"device_model_id":714,
				"device_name":"SH10RT",
				"device_pro_sn":"A2192703899",
				"device_type":14,
				"device_uuid":844775,
				"grid_type_id":0,
				"is_haveversion":1,
				"lcd_version":"SAPPHIRE-H_01011.01.18",
				"machine_version":"011",
				"mdsp_version":"SAPPHIRE-H_03011.01.15",
				"modbus_address":"33001",
				"module":1,
				"point_id":10887,
				"point_name":"Reserved Battery SOC for Off-Grid",
				"ps_id":1129147,
				"ps_name":"MickMake",
				"ps_short_name":"B2192301528",
				"return_value":"0",
				"sdsp_version":"SUBCTL-S_04011.01.01",
				"set_precision":"1",
				"set_val_name":null,
				"set_val_name_val":null,
				"set_value":"0",
				"sn":"B2192301528",
				"task_detail_command_type":"10325",
				"task_detail_id":9942227,
				"task_id":1566045,
				"task_type":2,
				"unit":"%",
				"update_time":"2022-02-06 11:10:14",
				"version1":"SAPPHIRE-H_01011.01.18",
				"version2":"SAPPHIRE-H_03011.01.15",
				"version3":"SUBCTL-S_04011.01.01",
				"version4":null,
				"version5":null,
				"version6":null,
				"version7":null,
				"version8":null
			},
			{
				"chnnl_id":1,
				"command_status":4,
				"country_id":6,
				"create_time":"2022-02-06 11:10:14",
				"data_flag_detail":1813,
				"device_area":"844763",
				"device_area_name":"MickMake",
				"device_model":"SH10RT",
				"device_model_code":"SH10RT",
				"device_model_id":714,
				"device_name":"SH10RT",
				"device_pro_sn":"A2192703899",
				"device_type":14,
				"device_uuid":844775,
				"grid_type_id":0,
				"is_haveversion":1,
				"lcd_version":"SAPPHIRE-H_01011.01.18",
				"machine_version":"011",
				"mdsp_version":"SAPPHIRE-H_03011.01.15",
				"modbus_address":"33151",
				"module":4,
				"point_id":10931,
				"point_name":"Weekday Discharging Start Time 1: Hour",
				"ps_id":1129147,
				"ps_name":"MickMake",
				"ps_short_name":"B2192301528",
				"return_value":"0",
				"sdsp_version":"SUBCTL-S_04011.01.01",
				"set_precision":"1",
				"set_val_name":null,
				"set_val_name_val":null,
				"set_value":"0",
				"sn":"B2192301528",
				"task_detail_command_type":"10325",
				"task_detail_id":9942228,
				"task_id":1566045,
				"task_type":2,
				"unit":"h",
				"update_time":"2022-02-06 11:10:14",
				"version1":"SAPPHIRE-H_01011.01.18",
				"version2":"SAPPHIRE-H_03011.01.15",
				"version3":"SUBCTL-S_04011.01.01",
				"version4":null,
				"version5":null,
				"version6":null,
				"version7":null,
				"version8":null
			},
			{
				"chnnl_id":1,
				"command_status":4,
				"country_id":6,
				"create_time":"2022-02-06 11:10:14",
				"data_flag_detail":1813,
				"device_area":"844763",
				"device_area_name":"MickMake",
				"device_model":"SH10RT",
				"device_model_code":"SH10RT",
				"device_model_id":714,
				"device_name":"SH10RT",
				"device_pro_sn":"A2192703899",
				"device_type":14,
				"device_uuid":844775,
				"grid_type_id":0,
				"is_haveversion":1,
				"lcd_version":"SAPPHIRE-H_01011.01.18",
				"machine_version":"011",
				"mdsp_version":"SAPPHIRE-H_03011.01.15",
				"modbus_address":"33152",
				"module":4,
				"point_id":10933,
				"point_name":"Weekday Discharging Start Time 1: Minute",
				"ps_id":1129147,
				"ps_name":"MickMake",
				"ps_short_name":"B2192301528",
				"return_value":"0",
				"sdsp_version":"SUBCTL-S_04011.01.01",
				"set_precision":"1",
				"set_val_name":null,
				"set_val_name_val":null,
				"set_value":"0",
				"sn":"B2192301528",
				"task_detail_command_type":"10325",
				"task_detail_id":9942229,
				"task_id":1566045,
				"task_type":2,
				"unit":"min",
				"update_time":"2022-02-06 11:10:14",
				"version1":"SAPPHIRE-H_01011.01.18",
				"version2":"SAPPHIRE-H_03011.01.15",
				"version3":"SUBCTL-S_04011.01.01",
				"version4":null,
				"version5":null,
				"version6":null,
				"version7":null,
				"version8":null
			},
			{
				"chnnl_id":1,
				"command_status":4,
				"country_id":6,
				"create_time":"2022-02-06 11:10:14",
				"data_flag_detail":1813,
				"device_area":"844763",
				"device_area_name":"MickMake",
				"device_model":"SH10RT",
				"device_model_code":"SH10RT",
				"device_model_id":714,
				"device_name":"SH10RT",
				"device_pro_sn":"A2192703899",
				"device_type":14,
				"device_uuid":844775,
				"grid_type_id":0,
				"is_haveversion":1,
				"lcd_version":"SAPPHIRE-H_01011.01.18",
				"machine_version":"011",
				"mdsp_version":"SAPPHIRE-H_03011.01.15",
				"modbus_address":"33153",
				"module":4,
				"point_id":10935,
				"point_name":"Weekday Discharging End Time 1: Hour",
				"ps_id":1129147,
				"ps_name":"MickMake",
				"ps_short_name":"B2192301528",
				"return_value":"24",
				"sdsp_version":"SUBCTL-S_04011.01.01",
				"set_precision":"1",
				"set_val_name":null,
				"set_val_name_val":null,
				"set_value":"0",
				"sn":"B2192301528",
				"task_detail_command_type":"10325",
				"task_detail_id":9942230,
				"task_id":1566045,
				"task_type":2,
				"unit":"h",
				"update_time":"2022-02-06 11:10:14",
				"version1":"SAPPHIRE-H_01011.01.18",
				"version2":"SAPPHIRE-H_03011.01.15",
				"version3":"SUBCTL-S_04011.01.01",
				"version4":null,
				"version5":null,
				"version6":null,
				"version7":null,
				"version8":null
			},
			{
				"chnnl_id":1,
				"command_status":4,
				"country_id":6,
				"create_time":"2022-02-06 11:10:14",
				"data_flag_detail":1813,
				"device_area":"844763",
				"device_area_name":"MickMake",
				"device_model":"SH10RT",
				"device_model_code":"SH10RT",
				"device_model_id":714,
				"device_name":"SH10RT",
				"device_pro_sn":"A2192703899",
				"device_type":14,
				"device_uuid":844775,
				"grid_type_id":0,
				"is_haveversion":1,
				"lcd_version":"SAPPHIRE-H_01011.01.18",
				"machine_version":"011",
				"mdsp_version":"SAPPHIRE-H_03011.01.15",
				"modbus_address":"33154",
				"module":4,
				"point_id":10937,
				"point_name":"Weekday Discharging End Time 1: Minute",
				"ps_id":1129147,
				"ps_name":"MickMake",
				"ps_short_name":"B2192301528",
				"return_value":"0",
				"sdsp_version":"SUBCTL-S_04011.01.01",
				"set_precision":"1",
				"set_val_name":null,
				"set_val_name_val":null,
				"set_value":"0",
				"sn":"B2192301528",
				"task_detail_command_type":"10325",
				"task_detail_id":9942231,
				"task_id":1566045,
				"task_type":2,
				"unit":"min",
				"update_time":"2022-02-06 11:10:14",
				"version1":"SAPPHIRE-H_01011.01.18",
				"version2":"SAPPHIRE-H_03011.01.15",
				"version3":"SUBCTL-S_04011.01.01",
				"version4":null,
				"version5":null,
				"version6":null,
				"version7":null,
				"version8":null
			},
			{
				"chnnl_id":1,
				"command_status":4,
				"country_id":6,
				"create_time":"2022-02-06 11:10:14",
				"data_flag_detail":1813,
				"device_area":"844763",
				"device_area_name":"MickMake",
				"device_model":"SH10RT",
				"device_model_code":"SH10RT",
				"device_model_id":714,
				"device_name":"SH10RT",
				"device_pro_sn":"A2192703899",
				"device_type":14,
				"device_uuid":844775,
				"grid_type_id":0,
				"is_haveversion":1,
				"lcd_version":"SAPPHIRE-H_01011.01.18",
				"machine_version":"011",
				"mdsp_version":"SAPPHIRE-H_03011.01.15",
				"modbus_address":"33155",
				"module":4,
				"point_id":10939,
				"point_name":"Weekday Discharging Start Time 2: Hour",
				"ps_id":1129147,
				"ps_name":"MickMake",
				"ps_short_name":"B2192301528",
				"return_value":"0",
				"sdsp_version":"SUBCTL-S_04011.01.01",
				"set_precision":"1",
				"set_val_name":null,
				"set_val_name_val":null,
				"set_value":"0",
				"sn":"B2192301528",
				"task_detail_command_type":"10325",
				"task_detail_id":9942232,
				"task_id":1566045,
				"task_type":2,
				"unit":"h",
				"update_time":"2022-02-06 11:10:14",
				"version1":"SAPPHIRE-H_01011.01.18",
				"version2":"SAPPHIRE-H_03011.01.15",
				"version3":"SUBCTL-S_04011.01.01",
				"version4":null,
				"version5":null,
				"version6":null,
				"version7":null,
				"version8":null
			},
			{
				"chnnl_id":1,
				"command_status":4,
				"country_id":6,
				"create_time":"2022-02-06 11:10:14",
				"data_flag_detail":1813,
				"device_area":"844763",
				"device_area_name":"MickMake",
				"device_model":"SH10RT",
				"device_model_code":"SH10RT",
				"device_model_id":714,
				"device_name":"SH10RT",
				"device_pro_sn":"A2192703899",
				"device_type":14,
				"device_uuid":844775,
				"grid_type_id":0,
				"is_haveversion":1,
				"lcd_version":"SAPPHIRE-H_01011.01.18",
				"machine_version":"011",
				"mdsp_version":"SAPPHIRE-H_03011.01.15",
				"modbus_address":"33156",
				"module":4,
				"point_id":10941,
				"point_name":"Weekday Discharging Start Time 2: Minute",
				"ps_id":1129147,
				"ps_name":"MickMake",
				"ps_short_name":"B2192301528",
				"return_value":"0",
				"sdsp_version":"SUBCTL-S_04011.01.01",
				"set_precision":"1",
				"set_val_name":null,
				"set_val_name_val":null,
				"set_value":"0",
				"sn":"B2192301528",
				"task_detail_command_type":"10325",
				"task_detail_id":9942233,
				"task_id":1566045,
				"task_type":2,
				"unit":"min",
				"update_time":"2022-02-06 11:10:14",
				"version1":"SAPPHIRE-H_01011.01.18",
				"version2":"SAPPHIRE-H_03011.01.15",
				"version3":"SUBCTL-S_04011.01.01",
				"version4":null,
				"version5":null,
				"version6":null,
				"version7":null,
				"version8":null
			},
			{
				"chnnl_id":1,
				"command_status":4,
				"country_id":6,
				"create_time":"2022-02-06 11:10:14",
				"data_flag_detail":1813,
				"device_area":"844763",
				"device_area_name":"MickMake",
				"device_model":"SH10RT",
				"device_model_code":"SH10RT",
				"device_model_id":714,
				"device_name":"SH10RT",
				"device_pro_sn":"A2192703899",
				"device_type":14,
				"device_uuid":844775,
				"grid_type_id":0,
				"is_haveversion":1,
				"lcd_version":"SAPPHIRE-H_01011.01.18",
				"machine_version":"011",
				"mdsp_version":"SAPPHIRE-H_03011.01.15",
				"modbus_address":"33157",
				"module":4,
				"point_id":10943,
				"point_name":"Weekday Discharging End Time 2: Hour",
				"ps_id":1129147,
				"ps_name":"MickMake",
				"ps_short_name":"B2192301528",
				"return_value":"24",
				"sdsp_version":"SUBCTL-S_04011.01.01",
				"set_precision":"1",
				"set_val_name":null,
				"set_val_name_val":null,
				"set_value":"0",
				"sn":"B2192301528",
				"task_detail_command_type":"10325",
				"task_detail_id":9942234,
				"task_id":1566045,
				"task_type":2,
				"unit":"h",
				"update_time":"2022-02-06 11:10:14",
				"version1":"SAPPHIRE-H_01011.01.18",
				"version2":"SAPPHIRE-H_03011.01.15",
				"version3":"SUBCTL-S_04011.01.01",
				"version4":null,
				"version5":null,
				"version6":null,
				"version7":null,
				"version8":null
			},
			{
				"chnnl_id":1,
				"command_status":4,
				"country_id":6,
				"create_time":"2022-02-06 11:10:14",
				"data_flag_detail":1813,
				"device_area":"844763",
				"device_area_name":"MickMake",
				"device_model":"SH10RT",
				"device_model_code":"SH10RT",
				"device_model_id":714,
				"device_name":"SH10RT",
				"device_pro_sn":"A2192703899",
				"device_type":14,
				"device_uuid":844775,
				"grid_type_id":0,
				"is_haveversion":1,
				"lcd_version":"SAPPHIRE-H_01011.01.18",
				"machine_version":"011",
				"mdsp_version":"SAPPHIRE-H_03011.01.15",
				"modbus_address":"33158",
				"module":4,
				"point_id":10945,
				"point_name":"Weekday Discharging End Time 2: Minute",
				"ps_id":1129147,
				"ps_name":"MickMake",
				"ps_short_name":"B2192301528",
				"return_value":"0",
				"sdsp_version":"SUBCTL-S_04011.01.01",
				"set_precision":"1",
				"set_val_name":null,
				"set_val_name_val":null,
				"set_value":"0",
				"sn":"B2192301528",
				"task_detail_command_type":"10325",
				"task_detail_id":9942235,
				"task_id":1566045,
				"task_type":2,
				"unit":"min",
				"update_time":"2022-02-06 11:10:14",
				"version1":"SAPPHIRE-H_01011.01.18",
				"version2":"SAPPHIRE-H_03011.01.15",
				"version3":"SUBCTL-S_04011.01.01",
				"version4":null,
				"version5":null,
				"version6":null,
				"version7":null,
				"version8":null
			},
			{
				"chnnl_id":1,
				"command_status":4,
				"country_id":6,
				"create_time":"2022-02-06 11:10:14",
				"data_flag_detail":1813,
				"device_area":"844763",
				"device_area_name":"MickMake",
				"device_model":"SH10RT",
				"device_model_code":"SH10RT",
				"device_model_id":714,
				"device_name":"SH10RT",
				"device_pro_sn":"A2192703899",
				"device_type":14,
				"device_uuid":844775,
				"grid_type_id":0,
				"is_haveversion":1,
				"lcd_version":"SAPPHIRE-H_01011.01.18",
				"machine_version":"011",
				"mdsp_version":"SAPPHIRE-H_03011.01.15",
				"modbus_address":"33179",
				"module":4,
				"point_id":10947,
				"point_name":"Weekend Discharging",
				"ps_id":1129147,
				"ps_name":"MickMake",
				"ps_short_name":"B2192301528",
				"return_value":"170",
				"sdsp_version":"SUBCTL-S_04011.01.01",
				"set_precision":"1",
				"set_val_name":"Disable|Enable",
				"set_val_name_val":"85|170",
				"set_value":"0",
				"sn":"B2192301528",
				"task_detail_command_type":"10325",
				"task_detail_id":9942236,
				"task_id":1566045,
				"task_type":2,
				"unit":"",
				"update_time":"2022-02-06 11:10:14",
				"version1":"SAPPHIRE-H_01011.01.18",
				"version2":"SAPPHIRE-H_03011.01.15",
				"version3":"SUBCTL-S_04011.01.01",
				"version4":null,
				"version5":null,
				"version6":null,
				"version7":null,
				"version8":null
			},
			{
				"chnnl_id":1,
				"command_status":4,
				"country_id":6,
				"create_time":"2022-02-06 11:10:14",
				"data_flag_detail":1813,
				"device_area":"844763",
				"device_area_name":"MickMake",
				"device_model":"SH10RT",
				"device_model_code":"SH10RT",
				"device_model_id":714,
				"device_name":"SH10RT",
				"device_pro_sn":"A2192703899",
				"device_type":14,
				"device_uuid":844775,
				"grid_type_id":0,
				"is_haveversion":1,
				"lcd_version":"SAPPHIRE-H_01011.01.18",
				"machine_version":"011",
				"mdsp_version":"SAPPHIRE-H_03011.01.15",
				"modbus_address":"33180",
				"module":4,
				"point_id":10949,
				"point_name":"Weekend Discharging Start Time 1: Hour",
				"ps_id":1129147,
				"ps_name":"MickMake",
				"ps_short_name":"B2192301528",
				"return_value":"0",
				"sdsp_version":"SUBCTL-S_04011.01.01",
				"set_precision":"1",
				"set_val_name":null,
				"set_val_name_val":null,
				"set_value":"0",
				"sn":"B2192301528",
				"task_detail_command_type":"10325",
				"task_detail_id":9942237,
				"task_id":1566045,
				"task_type":2,
				"unit":"h",
				"update_time":"2022-02-06 11:10:14",
				"version1":"SAPPHIRE-H_01011.01.18",
				"version2":"SAPPHIRE-H_03011.01.15",
				"version3":"SUBCTL-S_04011.01.01",
				"version4":null,
				"version5":null,
				"version6":null,
				"version7":null,
				"version8":null
			},
			{
				"chnnl_id":1,
				"command_status":4,
				"country_id":6,
				"create_time":"2022-02-06 11:10:14",
				"data_flag_detail":1813,
				"device_area":"844763",
				"device_area_name":"MickMake",
				"device_model":"SH10RT",
				"device_model_code":"SH10RT",
				"device_model_id":714,
				"device_name":"SH10RT",
				"device_pro_sn":"A2192703899",
				"device_type":14,
				"device_uuid":844775,
				"grid_type_id":0,
				"is_haveversion":1,
				"lcd_version":"SAPPHIRE-H_01011.01.18",
				"machine_version":"011",
				"mdsp_version":"SAPPHIRE-H_03011.01.15",
				"modbus_address":"33181",
				"module":4,
				"point_id":10951,
				"point_name":"Weekend Discharging Start Time 2: Minute",
				"ps_id":1129147,
				"ps_name":"MickMake",
				"ps_short_name":"B2192301528",
				"return_value":"0",
				"sdsp_version":"SUBCTL-S_04011.01.01",
				"set_precision":"1",
				"set_val_name":null,
				"set_val_name_val":null,
				"set_value":"0",
				"sn":"B2192301528",
				"task_detail_command_type":"10325",
				"task_detail_id":9942238,
				"task_id":1566045,
				"task_type":2,
				"unit":"min",
				"update_time":"2022-02-06 11:10:14",
				"version1":"SAPPHIRE-H_01011.01.18",
				"version2":"SAPPHIRE-H_03011.01.15",
				"version3":"SUBCTL-S_04011.01.01",
				"version4":null,
				"version5":null,
				"version6":null,
				"version7":null,
				"version8":null
			},
			{
				"chnnl_id":1,
				"command_status":4,
				"country_id":6,
				"create_time":"2022-02-06 11:10:14",
				"data_flag_detail":1813,
				"device_area":"844763",
				"device_area_name":"MickMake",
				"device_model":"SH10RT",
				"device_model_code":"SH10RT",
				"device_model_id":714,
				"device_name":"SH10RT",
				"device_pro_sn":"A2192703899",
				"device_type":14,
				"device_uuid":844775,
				"grid_type_id":0,
				"is_haveversion":1,
				"lcd_version":"SAPPHIRE-H_01011.01.18",
				"machine_version":"011",
				"mdsp_version":"SAPPHIRE-H_03011.01.15",
				"modbus_address":"33182",
				"module":4,
				"point_id":10953,
				"point_name":"Weekend Discharging End Time 1: Hour",
				"ps_id":1129147,
				"ps_name":"MickMake",
				"ps_short_name":"B2192301528",
				"return_value":"24",
				"sdsp_version":"SUBCTL-S_04011.01.01",
				"set_precision":"1",
				"set_val_name":null,
				"set_val_name_val":null,
				"set_value":"0",
				"sn":"B2192301528",
				"task_detail_command_type":"10325",
				"task_detail_id":9942239,
				"task_id":1566045,
				"task_type":2,
				"unit":"h",
				"update_time":"2022-02-06 11:10:14",
				"version1":"SAPPHIRE-H_01011.01.18",
				"version2":"SAPPHIRE-H_03011.01.15",
				"version3":"SUBCTL-S_04011.01.01",
				"version4":null,
				"version5":null,
				"version6":null,
				"version7":null,
				"version8":null
			},
			{
				"chnnl_id":1,
				"command_status":4,
				"country_id":6,
				"create_time":"2022-02-06 11:10:14",
				"data_flag_detail":1813,
				"device_area":"844763",
				"device_area_name":"MickMake",
				"device_model":"SH10RT",
				"device_model_code":"SH10RT",
				"device_model_id":714,
				"device_name":"SH10RT",
				"device_pro_sn":"A2192703899",
				"device_type":14,
				"device_uuid":844775,
				"grid_type_id":0,
				"is_haveversion":1,
				"lcd_version":"SAPPHIRE-H_01011.01.18",
				"machine_version":"011",
				"mdsp_version":"SAPPHIRE-H_03011.01.15",
				"modbus_address":"33183",
				"module":4,
				"point_id":10955,
				"point_name":"Weekend Discharging End Time 1: Minute",
				"ps_id":1129147,
				"ps_name":"MickMake",
				"ps_short_name":"B2192301528",
				"return_value":"0",
				"sdsp_version":"SUBCTL-S_04011.01.01",
				"set_precision":"1",
				"set_val_name":null,
				"set_val_name_val":null,
				"set_value":"0",
				"sn":"B2192301528",
				"task_detail_command_type":"10325",
				"task_detail_id":9942240,
				"task_id":1566045,
				"task_type":2,
				"unit":"min",
				"update_time":"2022-02-06 11:10:14",
				"version1":"SAPPHIRE-H_01011.01.18",
				"version2":"SAPPHIRE-H_03011.01.15",
				"version3":"SUBCTL-S_04011.01.01",
				"version4":null,
				"version5":null,
				"version6":null,
				"version7":null,
				"version8":null
			},
			{
				"chnnl_id":1,
				"command_status":4,
				"country_id":6,
				"create_time":"2022-02-06 11:10:14",
				"data_flag_detail":1813,
				"device_area":"844763",
				"device_area_name":"MickMake",
				"device_model":"SH10RT",
				"device_model_code":"SH10RT",
				"device_model_id":714,
				"device_name":"SH10RT",
				"device_pro_sn":"A2192703899",
				"device_type":14,
				"device_uuid":844775,
				"grid_type_id":0,
				"is_haveversion":1,
				"lcd_version":"SAPPHIRE-H_01011.01.18",
				"machine_version":"011",
				"mdsp_version":"SAPPHIRE-H_03011.01.15",
				"modbus_address":"33184",
				"module":4,
				"point_id":10957,
				"point_name":"Weekend Discharging Start Time 2: Hour",
				"ps_id":1129147,
				"ps_name":"MickMake",
				"ps_short_name":"B2192301528",
				"return_value":"0",
				"sdsp_version":"SUBCTL-S_04011.01.01",
				"set_precision":"1",
				"set_val_name":null,
				"set_val_name_val":null,
				"set_value":"0",
				"sn":"B2192301528",
				"task_detail_command_type":"10325",
				"task_detail_id":9942241,
				"task_id":1566045,
				"task_type":2,
				"unit":"h",
				"update_time":"2022-02-06 11:10:14",
				"version1":"SAPPHIRE-H_01011.01.18",
				"version2":"SAPPHIRE-H_03011.01.15",
				"version3":"SUBCTL-S_04011.01.01",
				"version4":null,
				"version5":null,
				"version6":null,
				"version7":null,
				"version8":null
			},
			{
				"chnnl_id":1,
				"command_status":4,
				"country_id":6,
				"create_time":"2022-02-06 11:10:14",
				"data_flag_detail":1813,
				"device_area":"844763",
				"device_area_name":"MickMake",
				"device_model":"SH10RT",
				"device_model_code":"SH10RT",
				"device_model_id":714,
				"device_name":"SH10RT",
				"device_pro_sn":"A2192703899",
				"device_type":14,
				"device_uuid":844775,
				"grid_type_id":0,
				"is_haveversion":1,
				"lcd_version":"SAPPHIRE-H_01011.01.18",
				"machine_version":"011",
				"mdsp_version":"SAPPHIRE-H_03011.01.15",
				"modbus_address":"33185",
				"module":4,
				"point_id":10959,
				"point_name":"Weekend Discharging Start Time 2: Minute",
				"ps_id":1129147,
				"ps_name":"MickMake",
				"ps_short_name":"B2192301528",
				"return_value":"0",
				"sdsp_version":"SUBCTL-S_04011.01.01",
				"set_precision":"1",
				"set_val_name":null,
				"set_val_name_val":null,
				"set_value":"0",
				"sn":"B2192301528",
				"task_detail_command_type":"10325",
				"task_detail_id":9942242,
				"task_id":1566045,
				"task_type":2,
				"unit":"min",
				"update_time":"2022-02-06 11:10:14",
				"version1":"SAPPHIRE-H_01011.01.18",
				"version2":"SAPPHIRE-H_03011.01.15",
				"version3":"SUBCTL-S_04011.01.01",
				"version4":null,
				"version5":null,
				"version6":null,
				"version7":null,
				"version8":null
			},
			{
				"chnnl_id":1,
				"command_status":4,
				"country_id":6,
				"create_time":"2022-02-06 11:10:14",
				"data_flag_detail":1813,
				"device_area":"844763",
				"device_area_name":"MickMake",
				"device_model":"SH10RT",
				"device_model_code":"SH10RT",
				"device_model_id":714,
				"device_name":"SH10RT",
				"device_pro_sn":"A2192703899",
				"device_type":14,
				"device_uuid":844775,
				"grid_type_id":0,
				"is_haveversion":1,
				"lcd_version":"SAPPHIRE-H_01011.01.18",
				"machine_version":"011",
				"mdsp_version":"SAPPHIRE-H_03011.01.15",
				"modbus_address":"33186",
				"module":4,
				"point_id":10961,
				"point_name":"Weekend Discharging End Time 2: Hour",
				"ps_id":1129147,
				"ps_name":"MickMake",
				"ps_short_name":"B2192301528",
				"return_value":"24",
				"sdsp_version":"SUBCTL-S_04011.01.01",
				"set_precision":"1",
				"set_val_name":null,
				"set_val_name_val":null,
				"set_value":"0",
				"sn":"B2192301528",
				"task_detail_command_type":"10325",
				"task_detail_id":9942243,
				"task_id":1566045,
				"task_type":2,
				"unit":"h",
				"update_time":"2022-02-06 11:10:14",
				"version1":"SAPPHIRE-H_01011.01.18",
				"version2":"SAPPHIRE-H_03011.01.15",
				"version3":"SUBCTL-S_04011.01.01",
				"version4":null,
				"version5":null,
				"version6":null,
				"version7":null,
				"version8":null
			},
			{
				"chnnl_id":1,
				"command_status":4,
				"country_id":6,
				"create_time":"2022-02-06 11:10:14",
				"data_flag_detail":1813,
				"device_area":"844763",
				"device_area_name":"MickMake",
				"device_model":"SH10RT",
				"device_model_code":"SH10RT",
				"device_model_id":714,
				"device_name":"SH10RT",
				"device_pro_sn":"A2192703899",
				"device_type":14,
				"device_uuid":844775,
				"grid_type_id":0,
				"is_haveversion":1,
				"lcd_version":"SAPPHIRE-H_01011.01.18",
				"machine_version":"011",
				"mdsp_version":"SAPPHIRE-H_03011.01.15",
				"modbus_address":"33187",
				"module":4,
				"point_id":10963,
				"point_name":"Weekend Discharging End Time 2: Minute",
				"ps_id":1129147,
				"ps_name":"MickMake",
				"ps_short_name":"B2192301528",
				"return_value":"0",
				"sdsp_version":"SUBCTL-S_04011.01.01",
				"set_precision":"1",
				"set_val_name":null,
				"set_val_name_val":null,
				"set_value":"0",
				"sn":"B2192301528",
				"task_detail_command_type":"10325",
				"task_detail_id":9942244,
				"task_id":1566045,
				"task_type":2,
				"unit":"min",
				"update_time":"2022-02-06 11:10:14",
				"version1":"SAPPHIRE-H_01011.01.18",
				"version2":"SAPPHIRE-H_03011.01.15",
				"version3":"SUBCTL-S_04011.01.01",
				"version4":null,
				"version5":null,
				"version6":null,
				"version7":null,
				"version8":null
			},
			{
				"chnnl_id":1,
				"command_status":4,
				"country_id":6,
				"create_time":"2022-02-06 11:10:14",
				"data_flag_detail":1813,
				"device_area":"844763",
				"device_area_name":"MickMake",
				"device_model":"SH10RT",
				"device_model_code":"SH10RT",
				"device_model_id":714,
				"device_name":"SH10RT",
				"device_pro_sn":"A2192703899",
				"device_type":14,
				"device_uuid":844775,
				"grid_type_id":0,
				"is_haveversion":1,
				"lcd_version":"SAPPHIRE-H_01011.01.18",
				"machine_version":"011",
				"mdsp_version":"SAPPHIRE-H_03011.01.15",
				"modbus_address":"33208",
				"module":4,
				"point_id":10965,
				"point_name":"Forced Charging ",
				"ps_id":1129147,
				"ps_name":"MickMake",
				"ps_short_name":"B2192301528",
				"return_value":"170",
				"sdsp_version":"SUBCTL-S_04011.01.01",
				"set_precision":"1",
				"set_val_name":"Disable|Enable",
				"set_val_name_val":"85|170",
				"set_value":"0",
				"sn":"B2192301528",
				"task_detail_command_type":"10325",
				"task_detail_id":9942245,
				"task_id":1566045,
				"task_type":2,
				"unit":"",
				"update_time":"2022-02-06 11:10:15",
				"version1":"SAPPHIRE-H_01011.01.18",
				"version2":"SAPPHIRE-H_03011.01.15",
				"version3":"SUBCTL-S_04011.01.01",
				"version4":null,
				"version5":null,
				"version6":null,
				"version7":null,
				"version8":null
			},
			{
				"chnnl_id":1,
				"command_status":4,
				"country_id":6,
				"create_time":"2022-02-06 11:10:14",
				"data_flag_detail":1813,
				"device_area":"844763",
				"device_area_name":"MickMake",
				"device_model":"SH10RT",
				"device_model_code":"SH10RT",
				"device_model_id":714,
				"device_name":"SH10RT",
				"device_pro_sn":"A2192703899",
				"device_type":14,
				"device_uuid":844775,
				"grid_type_id":0,
				"is_haveversion":1,
				"lcd_version":"SAPPHIRE-H_01011.01.18",
				"machine_version":"011",
				"mdsp_version":"SAPPHIRE-H_03011.01.15",
				"modbus_address":"33209",
				"module":4,
				"point_id":10967,
				"point_name":"Forced Charging Valid Day",
				"ps_id":1129147,
				"ps_name":"MickMake",
				"ps_short_name":"B2192301528",
				"return_value":"1",
				"sdsp_version":"SUBCTL-S_04011.01.01",
				"set_precision":"1",
				"set_val_name":"Weekday|Every Day",
				"set_val_name_val":"0|1",
				"set_value":"0",
				"sn":"B2192301528",
				"task_detail_command_type":"10325",
				"task_detail_id":9942246,
				"task_id":1566045,
				"task_type":2,
				"unit":"",
				"update_time":"2022-02-06 11:10:15",
				"version1":"SAPPHIRE-H_01011.01.18",
				"version2":"SAPPHIRE-H_03011.01.15",
				"version3":"SUBCTL-S_04011.01.01",
				"version4":null,
				"version5":null,
				"version6":null,
				"version7":null,
				"version8":null
			},
			{
				"chnnl_id":1,
				"command_status":4,
				"country_id":6,
				"create_time":"2022-02-06 11:10:14",
				"data_flag_detail":1813,
				"device_area":"844763",
				"device_area_name":"MickMake",
				"device_model":"SH10RT",
				"device_model_code":"SH10RT",
				"device_model_id":714,
				"device_name":"SH10RT",
				"device_pro_sn":"A2192703899",
				"device_type":14,
				"device_uuid":844775,
				"grid_type_id":0,
				"is_haveversion":1,
				"lcd_version":"SAPPHIRE-H_01011.01.18",
				"machine_version":"011",
				"mdsp_version":"SAPPHIRE-H_03011.01.15",
				"modbus_address":"33210",
				"module":4,
				"point_id":10969,
				"point_name":"Forced Charging Start Time 1: Hour",
				"ps_id":1129147,
				"ps_name":"MickMake",
				"ps_short_name":"B2192301528",
				"return_value":"9",
				"sdsp_version":"SUBCTL-S_04011.01.01",
				"set_precision":"1",
				"set_val_name":null,
				"set_val_name_val":null,
				"set_value":"0",
				"sn":"B2192301528",
				"task_detail_command_type":"10325",
				"task_detail_id":9942247,
				"task_id":1566045,
				"task_type":2,
				"unit":"h",
				"update_time":"2022-02-06 11:10:15",
				"version1":"SAPPHIRE-H_01011.01.18",
				"version2":"SAPPHIRE-H_03011.01.15",
				"version3":"SUBCTL-S_04011.01.01",
				"version4":null,
				"version5":null,
				"version6":null,
				"version7":null,
				"version8":null
			},
			{
				"chnnl_id":1,
				"command_status":4,
				"country_id":6,
				"create_time":"2022-02-06 11:10:14",
				"data_flag_detail":1813,
				"device_area":"844763",
				"device_area_name":"MickMake",
				"device_model":"SH10RT",
				"device_model_code":"SH10RT",
				"device_model_id":714,
				"device_name":"SH10RT",
				"device_pro_sn":"A2192703899",
				"device_type":14,
				"device_uuid":844775,
				"grid_type_id":0,
				"is_haveversion":1,
				"lcd_version":"SAPPHIRE-H_01011.01.18",
				"machine_version":"011",
				"mdsp_version":"SAPPHIRE-H_03011.01.15",
				"modbus_address":"33211",
				"module":4,
				"point_id":10971,
				"point_name":"Forced Charging Start Time 1: Minute",
				"ps_id":1129147,
				"ps_name":"MickMake",
				"ps_short_name":"B2192301528",
				"return_value":"0",
				"sdsp_version":"SUBCTL-S_04011.01.01",
				"set_precision":"1",
				"set_val_name":null,
				"set_val_name_val":null,
				"set_value":"0",
				"sn":"B2192301528",
				"task_detail_command_type":"10325",
				"task_detail_id":9942248,
				"task_id":1566045,
				"task_type":2,
				"unit":"min",
				"update_time":"2022-02-06 11:10:15",
				"version1":"SAPPHIRE-H_01011.01.18",
				"version2":"SAPPHIRE-H_03011.01.15",
				"version3":"SUBCTL-S_04011.01.01",
				"version4":null,
				"version5":null,
				"version6":null,
				"version7":null,
				"version8":null
			},
			{
				"chnnl_id":1,
				"command_status":4,
				"country_id":6,
				"create_time":"2022-02-06 11:10:14",
				"data_flag_detail":1813,
				"device_area":"844763",
				"device_area_name":"MickMake",
				"device_model":"SH10RT",
				"device_model_code":"SH10RT",
				"device_model_id":714,
				"device_name":"SH10RT",
				"device_pro_sn":"A2192703899",
				"device_type":14,
				"device_uuid":844775,
				"grid_type_id":0,
				"is_haveversion":1,
				"lcd_version":"SAPPHIRE-H_01011.01.18",
				"machine_version":"011",
				"mdsp_version":"SAPPHIRE-H_03011.01.15",
				"modbus_address":"33212",
				"module":4,
				"point_id":10973,
				"point_name":"Forced Charging End Time 1: Hour",
				"ps_id":1129147,
				"ps_name":"MickMake",
				"ps_short_name":"B2192301528",
				"return_value":"15",
				"sdsp_version":"SUBCTL-S_04011.01.01",
				"set_precision":"1",
				"set_val_name":null,
				"set_val_name_val":null,
				"set_value":"0",
				"sn":"B2192301528",
				"task_detail_command_type":"10325",
				"task_detail_id":9942249,
				"task_id":1566045,
				"task_type":2,
				"unit":"h",
				"update_time":"2022-02-06 11:10:15",
				"version1":"SAPPHIRE-H_01011.01.18",
				"version2":"SAPPHIRE-H_03011.01.15",
				"version3":"SUBCTL-S_04011.01.01",
				"version4":null,
				"version5":null,
				"version6":null,
				"version7":null,
				"version8":null
			},
			{
				"chnnl_id":1,
				"command_status":4,
				"country_id":6,
				"create_time":"2022-02-06 11:10:14",
				"data_flag_detail":1813,
				"device_area":"844763",
				"device_area_name":"MickMake",
				"device_model":"SH10RT",
				"device_model_code":"SH10RT",
				"device_model_id":714,
				"device_name":"SH10RT",
				"device_pro_sn":"A2192703899",
				"device_type":14,
				"device_uuid":844775,
				"grid_type_id":0,
				"is_haveversion":1,
				"lcd_version":"SAPPHIRE-H_01011.01.18",
				"machine_version":"011",
				"mdsp_version":"SAPPHIRE-H_03011.01.15",
				"modbus_address":"33213",
				"module":4,
				"point_id":10975,
				"point_name":"Forced Charging End Time 1: Minute",
				"ps_id":1129147,
				"ps_name":"MickMake",
				"ps_short_name":"B2192301528",
				"return_value":"0",
				"sdsp_version":"SUBCTL-S_04011.01.01",
				"set_precision":"1",
				"set_val_name":null,
				"set_val_name_val":null,
				"set_value":"0",
				"sn":"B2192301528",
				"task_detail_command_type":"10325",
				"task_detail_id":9942250,
				"task_id":1566045,
				"task_type":2,
				"unit":"min",
				"update_time":"2022-02-06 11:10:15",
				"version1":"SAPPHIRE-H_01011.01.18",
				"version2":"SAPPHIRE-H_03011.01.15",
				"version3":"SUBCTL-S_04011.01.01",
				"version4":null,
				"version5":null,
				"version6":null,
				"version7":null,
				"version8":null
			},
			{
				"chnnl_id":1,
				"command_status":4,
				"country_id":6,
				"create_time":"2022-02-06 11:10:14",
				"data_flag_detail":1813,
				"device_area":"844763",
				"device_area_name":"MickMake",
				"device_model":"SH10RT",
				"device_model_code":"SH10RT",
				"device_model_id":714,
				"device_name":"SH10RT",
				"device_pro_sn":"A2192703899",
				"device_type":14,
				"device_uuid":844775,
				"grid_type_id":0,
				"is_haveversion":1,
				"lcd_version":"SAPPHIRE-H_01011.01.18",
				"machine_version":"011",
				"mdsp_version":"SAPPHIRE-H_03011.01.15",
				"modbus_address":"33214",
				"module":4,
				"point_id":10977,
				"point_name":"Forced Charging Target SOC 1",
				"ps_id":1129147,
				"ps_name":"MickMake",
				"ps_short_name":"B2192301528",
				"return_value":"0",
				"sdsp_version":"SUBCTL-S_04011.01.01",
				"set_precision":"1",
				"set_val_name":null,
				"set_val_name_val":null,
				"set_value":"0",
				"sn":"B2192301528",
				"task_detail_command_type":"10325",
				"task_detail_id":9942251,
				"task_id":1566045,
				"task_type":2,
				"unit":"%",
				"update_time":"2022-02-06 11:10:15",
				"version1":"SAPPHIRE-H_01011.01.18",
				"version2":"SAPPHIRE-H_03011.01.15",
				"version3":"SUBCTL-S_04011.01.01",
				"version4":null,
				"version5":null,
				"version6":null,
				"version7":null,
				"version8":null
			},
			{
				"chnnl_id":1,
				"command_status":4,
				"country_id":6,
				"create_time":"2022-02-06 11:10:14",
				"data_flag_detail":1813,
				"device_area":"844763",
				"device_area_name":"MickMake",
				"device_model":"SH10RT",
				"device_model_code":"SH10RT",
				"device_model_id":714,
				"device_name":"SH10RT",
				"device_pro_sn":"A2192703899",
				"device_type":14,
				"device_uuid":844775,
				"grid_type_id":0,
				"is_haveversion":1,
				"lcd_version":"SAPPHIRE-H_01011.01.18",
				"machine_version":"011",
				"mdsp_version":"SAPPHIRE-H_03011.01.15",
				"modbus_address":"33215",
				"module":4,
				"point_id":10979,
				"point_name":"Forced Charging Start Time 2: Hour",
				"ps_id":1129147,
				"ps_name":"MickMake",
				"ps_short_name":"B2192301528",
				"return_value":"0",
				"sdsp_version":"SUBCTL-S_04011.01.01",
				"set_precision":"1",
				"set_val_name":null,
				"set_val_name_val":null,
				"set_value":"0",
				"sn":"B2192301528",
				"task_detail_command_type":"10325",
				"task_detail_id":9942252,
				"task_id":1566045,
				"task_type":2,
				"unit":"h",
				"update_time":"2022-02-06 11:10:15",
				"version1":"SAPPHIRE-H_01011.01.18",
				"version2":"SAPPHIRE-H_03011.01.15",
				"version3":"SUBCTL-S_04011.01.01",
				"version4":null,
				"version5":null,
				"version6":null,
				"version7":null,
				"version8":null
			},
			{
				"chnnl_id":1,
				"command_status":4,
				"country_id":6,
				"create_time":"2022-02-06 11:10:14",
				"data_flag_detail":1813,
				"device_area":"844763",
				"device_area_name":"MickMake",
				"device_model":"SH10RT",
				"device_model_code":"SH10RT",
				"device_model_id":714,
				"device_name":"SH10RT",
				"device_pro_sn":"A2192703899",
				"device_type":14,
				"device_uuid":844775,
				"grid_type_id":0,
				"is_haveversion":1,
				"lcd_version":"SAPPHIRE-H_01011.01.18",
				"machine_version":"011",
				"mdsp_version":"SAPPHIRE-H_03011.01.15",
				"modbus_address":"33216",
				"module":4,
				"point_id":10981,
				"point_name":"Forced Charging Start Time 2: Minute",
				"ps_id":1129147,
				"ps_name":"MickMake",
				"ps_short_name":"B2192301528",
				"return_value":"0",
				"sdsp_version":"SUBCTL-S_04011.01.01",
				"set_precision":"1",
				"set_val_name":null,
				"set_val_name_val":null,
				"set_value":"0",
				"sn":"B2192301528",
				"task_detail_command_type":"10325",
				"task_detail_id":9942253,
				"task_id":1566045,
				"task_type":2,
				"unit":"min",
				"update_time":"2022-02-06 11:10:15",
				"version1":"SAPPHIRE-H_01011.01.18",
				"version2":"SAPPHIRE-H_03011.01.15",
				"version3":"SUBCTL-S_04011.01.01",
				"version4":null,
				"version5":null,
				"version6":null,
				"version7":null,
				"version8":null
			},
			{
				"chnnl_id":1,
				"command_status":4,
				"country_id":6,
				"create_time":"2022-02-06 11:10:14",
				"data_flag_detail":1813,
				"device_area":"844763",
				"device_area_name":"MickMake",
				"device_model":"SH10RT",
				"device_model_code":"SH10RT",
				"device_model_id":714,
				"device_name":"SH10RT",
				"device_pro_sn":"A2192703899",
				"device_type":14,
				"device_uuid":844775,
				"grid_type_id":0,
				"is_haveversion":1,
				"lcd_version":"SAPPHIRE-H_01011.01.18",
				"machine_version":"011",
				"mdsp_version":"SAPPHIRE-H_03011.01.15",
				"modbus_address":"33217",
				"module":4,
				"point_id":10983,
				"point_name":"Forced Charging End Time 2: Hour",
				"ps_id":1129147,
				"ps_name":"MickMake",
				"ps_short_name":"B2192301528",
				"return_value":"0",
				"sdsp_version":"SUBCTL-S_04011.01.01",
				"set_precision":"1",
				"set_val_name":null,
				"set_val_name_val":null,
				"set_value":"0",
				"sn":"B2192301528",
				"task_detail_command_type":"10325",
				"task_detail_id":9942254,
				"task_id":1566045,
				"task_type":2,
				"unit":"h",
				"update_time":"2022-02-06 11:10:15",
				"version1":"SAPPHIRE-H_01011.01.18",
				"version2":"SAPPHIRE-H_03011.01.15",
				"version3":"SUBCTL-S_04011.01.01",
				"version4":null,
				"version5":null,
				"version6":null,
				"version7":null,
				"version8":null
			},
			{
				"chnnl_id":1,
				"command_status":4,
				"country_id":6,
				"create_time":"2022-02-06 11:10:14",
				"data_flag_detail":1813,
				"device_area":"844763",
				"device_area_name":"MickMake",
				"device_model":"SH10RT",
				"device_model_code":"SH10RT",
				"device_model_id":714,
				"device_name":"SH10RT",
				"device_pro_sn":"A2192703899",
				"device_type":14,
				"device_uuid":844775,
				"grid_type_id":0,
				"is_haveversion":1,
				"lcd_version":"SAPPHIRE-H_01011.01.18",
				"machine_version":"011",
				"mdsp_version":"SAPPHIRE-H_03011.01.15",
				"modbus_address":"33218",
				"module":4,
				"point_id":10985,
				"point_name":"Forced Charging End Time 2: Minute",
				"ps_id":1129147,
				"ps_name":"MickMake",
				"ps_short_name":"B2192301528",
				"return_value":"0",
				"sdsp_version":"SUBCTL-S_04011.01.01",
				"set_precision":"1",
				"set_val_name":null,
				"set_val_name_val":null,
				"set_value":"0",
				"sn":"B2192301528",
				"task_detail_command_type":"10325",
				"task_detail_id":9942255,
				"task_id":1566045,
				"task_type":2,
				"unit":"min",
				"update_time":"2022-02-06 11:10:15",
				"version1":"SAPPHIRE-H_01011.01.18",
				"version2":"SAPPHIRE-H_03011.01.15",
				"version3":"SUBCTL-S_04011.01.01",
				"version4":null,
				"version5":null,
				"version6":null,
				"version7":null,
				"version8":null
			},
			{
				"chnnl_id":1,
				"command_status":4,
				"country_id":6,
				"create_time":"2022-02-06 11:10:14",
				"data_flag_detail":1813,
				"device_area":"844763",
				"device_area_name":"MickMake",
				"device_model":"SH10RT",
				"device_model_code":"SH10RT",
				"device_model_id":714,
				"device_name":"SH10RT",
				"device_pro_sn":"A2192703899",
				"device_type":14,
				"device_uuid":844775,
				"grid_type_id":0,
				"is_haveversion":1,
				"lcd_version":"SAPPHIRE-H_01011.01.18",
				"machine_version":"011",
				"mdsp_version":"SAPPHIRE-H_03011.01.15",
				"modbus_address":"33219",
				"module":4,
				"point_id":10987,
				"point_name":"Forced Charging Target SOC 2",
				"ps_id":1129147,
				"ps_name":"MickMake",
				"ps_short_name":"B2192301528",
				"return_value":"0",
				"sdsp_version":"SUBCTL-S_04011.01.01",
				"set_precision":"1",
				"set_val_name":null,
				"set_val_name_val":null,
				"set_value":"0",
				"sn":"B2192301528",
				"task_detail_command_type":"10325",
				"task_detail_id":9942256,
				"task_id":1566045,
				"task_type":2,
				"unit":"%",
				"update_time":"2022-02-06 11:10:15",
				"version1":"SAPPHIRE-H_01011.01.18",
				"version2":"SAPPHIRE-H_03011.01.15",
				"version3":"SUBCTL-S_04011.01.01",
				"version4":null,
				"version5":null,
				"version6":null,
				"version7":null,
				"version8":null
			},
			{
				"chnnl_id":1,
				"command_status":4,
				"country_id":6,
				"create_time":"2022-02-06 11:10:14",
				"data_flag_detail":1813,
				"device_area":"844763",
				"device_area_name":"MickMake",
				"device_model":"SH10RT",
				"device_model_code":"SH10RT",
				"device_model_id":714,
				"device_name":"SH10RT",
				"device_pro_sn":"A2192703899",
				"device_type":14,
				"device_uuid":844775,
				"grid_type_id":0,
				"is_haveversion":1,
				"lcd_version":"SAPPHIRE-H_01011.01.18",
				"machine_version":"011",
				"mdsp_version":"SAPPHIRE-H_03011.01.15",
				"modbus_address":"33240",
				"module":4,
				"point_id":10805,
				"point_name":"Load Control Mode",
				"ps_id":1129147,
				"ps_name":"MickMake",
				"ps_short_name":"B2192301528",
				"return_value":"3",
				"sdsp_version":"SUBCTL-S_04011.01.01",
				"set_precision":"1",
				"set_val_name":"Timing Mode|Instant Mode|Power Optimization Mode|Close",
				"set_val_name_val":"0|1|2|3",
				"set_value":"0",
				"sn":"B2192301528",
				"task_detail_command_type":"10325",
				"task_detail_id":9942257,
				"task_id":1566045,
				"task_type":2,
				"unit":"",
				"update_time":"2022-02-06 11:10:15",
				"version1":"SAPPHIRE-H_01011.01.18",
				"version2":"SAPPHIRE-H_03011.01.15",
				"version3":"SUBCTL-S_04011.01.01",
				"version4":null,
				"version5":null,
				"version6":null,
				"version7":null,
				"version8":null
			},
			{
				"chnnl_id":1,
				"command_status":4,
				"country_id":6,
				"create_time":"2022-02-06 11:10:14",
				"data_flag_detail":1813,
				"device_area":"844763",
				"device_area_name":"MickMake",
				"device_model":"SH10RT",
				"device_model_code":"SH10RT",
				"device_model_id":714,
				"device_name":"SH10RT",
				"device_pro_sn":"A2192703899",
				"device_type":14,
				"device_uuid":844775,
				"grid_type_id":0,
				"is_haveversion":1,
				"lcd_version":"SAPPHIRE-H_01011.01.18",
				"machine_version":"011",
				"mdsp_version":"SAPPHIRE-H_03011.01.15",
				"modbus_address":"33241",
				"module":4,
				"point_id":10807,
				"point_name":"Load  Timing Start Time 1: Hour",
				"ps_id":1129147,
				"ps_name":"MickMake",
				"ps_short_name":"B2192301528",
				"return_value":"0",
				"sdsp_version":"SUBCTL-S_04011.01.01",
				"set_precision":"1",
				"set_val_name":null,
				"set_val_name_val":null,
				"set_value":"0",
				"sn":"B2192301528",
				"task_detail_command_type":"10325",
				"task_detail_id":9942258,
				"task_id":1566045,
				"task_type":2,
				"unit":"h",
				"update_time":"2022-02-06 11:10:15",
				"version1":"SAPPHIRE-H_01011.01.18",
				"version2":"SAPPHIRE-H_03011.01.15",
				"version3":"SUBCTL-S_04011.01.01",
				"version4":null,
				"version5":null,
				"version6":null,
				"version7":null,
				"version8":null
			},
			{
				"chnnl_id":1,
				"command_status":4,
				"country_id":6,
				"create_time":"2022-02-06 11:10:14",
				"data_flag_detail":1813,
				"device_area":"844763",
				"device_area_name":"MickMake",
				"device_model":"SH10RT",
				"device_model_code":"SH10RT",
				"device_model_id":714,
				"device_name":"SH10RT",
				"device_pro_sn":"A2192703899",
				"device_type":14,
				"device_uuid":844775,
				"grid_type_id":0,
				"is_haveversion":1,
				"lcd_version":"SAPPHIRE-H_01011.01.18",
				"machine_version":"011",
				"mdsp_version":"SAPPHIRE-H_03011.01.15",
				"modbus_address":"33242",
				"module":4,
				"point_id":10809,
				"point_name":"Load  Timing Start Time 1: Minute",
				"ps_id":1129147,
				"ps_name":"MickMake",
				"ps_short_name":"B2192301528",
				"return_value":"0",
				"sdsp_version":"SUBCTL-S_04011.01.01",
				"set_precision":"1",
				"set_val_name":null,
				"set_val_name_val":null,
				"set_value":"0",
				"sn":"B2192301528",
				"task_detail_command_type":"10325",
				"task_detail_id":9942259,
				"task_id":1566045,
				"task_type":2,
				"unit":"min",
				"update_time":"2022-02-06 11:10:15",
				"version1":"SAPPHIRE-H_01011.01.18",
				"version2":"SAPPHIRE-H_03011.01.15",
				"version3":"SUBCTL-S_04011.01.01",
				"version4":null,
				"version5":null,
				"version6":null,
				"version7":null,
				"version8":null
			},
			{
				"chnnl_id":1,
				"command_status":4,
				"country_id":6,
				"create_time":"2022-02-06 11:10:14",
				"data_flag_detail":1813,
				"device_area":"844763",
				"device_area_name":"MickMake",
				"device_model":"SH10RT",
				"device_model_code":"SH10RT",
				"device_model_id":714,
				"device_name":"SH10RT",
				"device_pro_sn":"A2192703899",
				"device_type":14,
				"device_uuid":844775,
				"grid_type_id":0,
				"is_haveversion":1,
				"lcd_version":"SAPPHIRE-H_01011.01.18",
				"machine_version":"011",
				"mdsp_version":"SAPPHIRE-H_03011.01.15",
				"modbus_address":"33243",
				"module":4,
				"point_id":10811,
				"point_name":"Load Timing End Time 1: Hour",
				"ps_id":1129147,
				"ps_name":"MickMake",
				"ps_short_name":"B2192301528",
				"return_value":"0",
				"sdsp_version":"SUBCTL-S_04011.01.01",
				"set_precision":"1",
				"set_val_name":null,
				"set_val_name_val":null,
				"set_value":"0",
				"sn":"B2192301528",
				"task_detail_command_type":"10325",
				"task_detail_id":9942260,
				"task_id":1566045,
				"task_type":2,
				"unit":"h",
				"update_time":"2022-02-06 11:10:15",
				"version1":"SAPPHIRE-H_01011.01.18",
				"version2":"SAPPHIRE-H_03011.01.15",
				"version3":"SUBCTL-S_04011.01.01",
				"version4":null,
				"version5":null,
				"version6":null,
				"version7":null,
				"version8":null
			},
			{
				"chnnl_id":1,
				"command_status":4,
				"country_id":6,
				"create_time":"2022-02-06 11:10:14",
				"data_flag_detail":1813,
				"device_area":"844763",
				"device_area_name":"MickMake",
				"device_model":"SH10RT",
				"device_model_code":"SH10RT",
				"device_model_id":714,
				"device_name":"SH10RT",
				"device_pro_sn":"A2192703899",
				"device_type":14,
				"device_uuid":844775,
				"grid_type_id":0,
				"is_haveversion":1,
				"lcd_version":"SAPPHIRE-H_01011.01.18",
				"machine_version":"011",
				"mdsp_version":"SAPPHIRE-H_03011.01.15",
				"modbus_address":"33244",
				"module":4,
				"point_id":10813,
				"point_name":"Load Timing End Time 1: Minute",
				"ps_id":1129147,
				"ps_name":"MickMake",
				"ps_short_name":"B2192301528",
				"return_value":"0",
				"sdsp_version":"SUBCTL-S_04011.01.01",
				"set_precision":"1",
				"set_val_name":null,
				"set_val_name_val":null,
				"set_value":"0",
				"sn":"B2192301528",
				"task_detail_command_type":"10325",
				"task_detail_id":9942261,
				"task_id":1566045,
				"task_type":2,
				"unit":"min",
				"update_time":"2022-02-06 11:10:15",
				"version1":"SAPPHIRE-H_01011.01.18",
				"version2":"SAPPHIRE-H_03011.01.15",
				"version3":"SUBCTL-S_04011.01.01",
				"version4":null,
				"version5":null,
				"version6":null,
				"version7":null,
				"version8":null
			},
			{
				"chnnl_id":1,
				"command_status":4,
				"country_id":6,
				"create_time":"2022-02-06 11:10:14",
				"data_flag_detail":1813,
				"device_area":"844763",
				"device_area_name":"MickMake",
				"device_model":"SH10RT",
				"device_model_code":"SH10RT",
				"device_model_id":714,
				"device_name":"SH10RT",
				"device_pro_sn":"A2192703899",
				"device_type":14,
				"device_uuid":844775,
				"grid_type_id":0,
				"is_haveversion":1,
				"lcd_version":"SAPPHIRE-H_01011.01.18",
				"machine_version":"011",
				"mdsp_version":"SAPPHIRE-H_03011.01.15",
				"modbus_address":"33245",
				"module":4,
				"point_id":10815,
				"point_name":"Load Timing Start Time 2: Hour",
				"ps_id":1129147,
				"ps_name":"MickMake",
				"ps_short_name":"B2192301528",
				"return_value":"0",
				"sdsp_version":"SUBCTL-S_04011.01.01",
				"set_precision":"1",
				"set_val_name":null,
				"set_val_name_val":null,
				"set_value":"0",
				"sn":"B2192301528",
				"task_detail_command_type":"10325",
				"task_detail_id":9942262,
				"task_id":1566045,
				"task_type":2,
				"unit":"h",
				"update_time":"2022-02-06 11:10:15",
				"version1":"SAPPHIRE-H_01011.01.18",
				"version2":"SAPPHIRE-H_03011.01.15",
				"version3":"SUBCTL-S_04011.01.01",
				"version4":null,
				"version5":null,
				"version6":null,
				"version7":null,
				"version8":null
			},
			{
				"chnnl_id":1,
				"command_status":4,
				"country_id":6,
				"create_time":"2022-02-06 11:10:14",
				"data_flag_detail":1813,
				"device_area":"844763",
				"device_area_name":"MickMake",
				"device_model":"SH10RT",
				"device_model_code":"SH10RT",
				"device_model_id":714,
				"device_name":"SH10RT",
				"device_pro_sn":"A2192703899",
				"device_type":14,
				"device_uuid":844775,
				"grid_type_id":0,
				"is_haveversion":1,
				"lcd_version":"SAPPHIRE-H_01011.01.18",
				"machine_version":"011",
				"mdsp_version":"SAPPHIRE-H_03011.01.15",
				"modbus_address":"33246",
				"module":4,
				"point_id":10817,
				"point_name":"Load Timing Start Time 2: Minute",
				"ps_id":1129147,
				"ps_name":"MickMake",
				"ps_short_name":"B2192301528",
				"return_value":"0",
				"sdsp_version":"SUBCTL-S_04011.01.01",
				"set_precision":"1",
				"set_val_name":null,
				"set_val_name_val":null,
				"set_value":"0",
				"sn":"B2192301528",
				"task_detail_command_type":"10325",
				"task_detail_id":9942263,
				"task_id":1566045,
				"task_type":2,
				"unit":"min",
				"update_time":"2022-02-06 11:10:15",
				"version1":"SAPPHIRE-H_01011.01.18",
				"version2":"SAPPHIRE-H_03011.01.15",
				"version3":"SUBCTL-S_04011.01.01",
				"version4":null,
				"version5":null,
				"version6":null,
				"version7":null,
				"version8":null
			},
			{
				"chnnl_id":1,
				"command_status":4,
				"country_id":6,
				"create_time":"2022-02-06 11:10:14",
				"data_flag_detail":1813,
				"device_area":"844763",
				"device_area_name":"MickMake",
				"device_model":"SH10RT",
				"device_model_code":"SH10RT",
				"device_model_id":714,
				"device_name":"SH10RT",
				"device_pro_sn":"A2192703899",
				"device_type":14,
				"device_uuid":844775,
				"grid_type_id":0,
				"is_haveversion":1,
				"lcd_version":"SAPPHIRE-H_01011.01.18",
				"machine_version":"011",
				"mdsp_version":"SAPPHIRE-H_03011.01.15",
				"modbus_address":"33247",
				"module":4,
				"point_id":10819,
				"point_name":"Load Timing End Time 2: Hour",
				"ps_id":1129147,
				"ps_name":"MickMake",
				"ps_short_name":"B2192301528",
				"return_value":"0",
				"sdsp_version":"SUBCTL-S_04011.01.01",
				"set_precision":"1",
				"set_val_name":null,
				"set_val_name_val":null,
				"set_value":"0",
				"sn":"B2192301528",
				"task_detail_command_type":"10325",
				"task_detail_id":9942264,
				"task_id":1566045,
				"task_type":2,
				"unit":"h",
				"update_time":"2022-02-06 11:10:15",
				"version1":"SAPPHIRE-H_01011.01.18",
				"version2":"SAPPHIRE-H_03011.01.15",
				"version3":"SUBCTL-S_04011.01.01",
				"version4":null,
				"version5":null,
				"version6":null,
				"version7":null,
				"version8":null
			},
			{
				"chnnl_id":1,
				"command_status":4,
				"country_id":6,
				"create_time":"2022-02-06 11:10:14",
				"data_flag_detail":1813,
				"device_area":"844763",
				"device_area_name":"MickMake",
				"device_model":"SH10RT",
				"device_model_code":"SH10RT",
				"device_model_id":714,
				"device_name":"SH10RT",
				"device_pro_sn":"A2192703899",
				"device_type":14,
				"device_uuid":844775,
				"grid_type_id":0,
				"is_haveversion":1,
				"lcd_version":"SAPPHIRE-H_01011.01.18",
				"machine_version":"011",
				"mdsp_version":"SAPPHIRE-H_03011.01.15",
				"modbus_address":"33248",
				"module":4,
				"point_id":10821,
				"point_name":"Load Timing End Time 2: Minute",
				"ps_id":1129147,
				"ps_name":"MickMake",
				"ps_short_name":"B2192301528",
				"return_value":"0",
				"sdsp_version":"SUBCTL-S_04011.01.01",
				"set_precision":"1",
				"set_val_name":null,
				"set_val_name_val":null,
				"set_value":"0",
				"sn":"B2192301528",
				"task_detail_command_type":"10325",
				"task_detail_id":9942265,
				"task_id":1566045,
				"task_type":2,
				"unit":"min",
				"update_time":"2022-02-06 11:10:15",
				"version1":"SAPPHIRE-H_01011.01.18",
				"version2":"SAPPHIRE-H_03011.01.15",
				"version3":"SUBCTL-S_04011.01.01",
				"version4":null,
				"version5":null,
				"version6":null,
				"version7":null,
				"version8":null
			},
			{
				"chnnl_id":1,
				"command_status":4,
				"country_id":6,
				"create_time":"2022-02-06 11:10:14",
				"data_flag_detail":1813,
				"device_area":"844763",
				"device_area_name":"MickMake",
				"device_model":"SH10RT",
				"device_model_code":"SH10RT",
				"device_model_id":714,
				"device_name":"SH10RT",
				"device_pro_sn":"A2192703899",
				"device_type":14,
				"device_uuid":844775,
				"grid_type_id":0,
				"is_haveversion":1,
				"lcd_version":"SAPPHIRE-H_01011.01.18",
				"machine_version":"011",
				"mdsp_version":"SAPPHIRE-H_03011.01.15",
				"modbus_address":"33269",
				"module":4,
				"point_id":10823,
				"point_name":"Load  Switch",
				"ps_id":1129147,
				"ps_name":"MickMake",
				"ps_short_name":"B2192301528",
				"return_value":"85",
				"sdsp_version":"SUBCTL-S_04011.01.01",
				"set_precision":"1",
				"set_val_name":"On|Close",
				"set_val_name_val":"170|85",
				"set_value":"0",
				"sn":"B2192301528",
				"task_detail_command_type":"10325",
				"task_detail_id":9942266,
				"task_id":1566045,
				"task_type":2,
				"unit":"",
				"update_time":"2022-02-06 11:10:15",
				"version1":"SAPPHIRE-H_01011.01.18",
				"version2":"SAPPHIRE-H_03011.01.15",
				"version3":"SUBCTL-S_04011.01.01",
				"version4":null,
				"version5":null,
				"version6":null,
				"version7":null,
				"version8":null
			},
			{
				"chnnl_id":1,
				"command_status":4,
				"country_id":6,
				"create_time":"2022-02-06 11:10:14",
				"data_flag_detail":1813,
				"device_area":"844763",
				"device_area_name":"MickMake",
				"device_model":"SH10RT",
				"device_model_code":"SH10RT",
				"device_model_id":714,
				"device_name":"SH10RT",
				"device_pro_sn":"A2192703899",
				"device_type":14,
				"device_uuid":844775,
				"grid_type_id":0,
				"is_haveversion":1,
				"lcd_version":"SAPPHIRE-H_01011.01.18",
				"machine_version":"011",
				"mdsp_version":"SAPPHIRE-H_03011.01.15",
				"modbus_address":"33270",
				"module":4,
				"point_id":10825,
				"point_name":"Load Intelligent Mode Start Time: Hour",
				"ps_id":1129147,
				"ps_name":"MickMake",
				"ps_short_name":"B2192301528",
				"return_value":"0",
				"sdsp_version":"SUBCTL-S_04011.01.01",
				"set_precision":"1",
				"set_val_name":null,
				"set_val_name_val":null,
				"set_value":"0",
				"sn":"B2192301528",
				"task_detail_command_type":"10325",
				"task_detail_id":9942267,
				"task_id":1566045,
				"task_type":2,
				"unit":"h",
				"update_time":"2022-02-06 11:10:15",
				"version1":"SAPPHIRE-H_01011.01.18",
				"version2":"SAPPHIRE-H_03011.01.15",
				"version3":"SUBCTL-S_04011.01.01",
				"version4":null,
				"version5":null,
				"version6":null,
				"version7":null,
				"version8":null
			},
			{
				"chnnl_id":1,
				"command_status":4,
				"country_id":6,
				"create_time":"2022-02-06 11:10:14",
				"data_flag_detail":1813,
				"device_area":"844763",
				"device_area_name":"MickMake",
				"device_model":"SH10RT",
				"device_model_code":"SH10RT",
				"device_model_id":714,
				"device_name":"SH10RT",
				"device_pro_sn":"A2192703899",
				"device_type":14,
				"device_uuid":844775,
				"grid_type_id":0,
				"is_haveversion":1,
				"lcd_version":"SAPPHIRE-H_01011.01.18",
				"machine_version":"011",
				"mdsp_version":"SAPPHIRE-H_03011.01.15",
				"modbus_address":"33271",
				"module":4,
				"point_id":10827,
				"point_name":"Load Intelligent Mode Start Time: Minute",
				"ps_id":1129147,
				"ps_name":"MickMake",
				"ps_short_name":"B2192301528",
				"return_value":"0",
				"sdsp_version":"SUBCTL-S_04011.01.01",
				"set_precision":"1",
				"set_val_name":null,
				"set_val_name_val":null,
				"set_value":"0",
				"sn":"B2192301528",
				"task_detail_command_type":"10325",
				"task_detail_id":9942268,
				"task_id":1566045,
				"task_type":2,
				"unit":"min",
				"update_time":"2022-02-06 11:10:15",
				"version1":"SAPPHIRE-H_01011.01.18",
				"version2":"SAPPHIRE-H_03011.01.15",
				"version3":"SUBCTL-S_04011.01.01",
				"version4":null,
				"version5":null,
				"version6":null,
				"version7":null,
				"version8":null
			},
			{
				"chnnl_id":1,
				"command_status":4,
				"country_id":6,
				"create_time":"2022-02-06 11:10:14",
				"data_flag_detail":1813,
				"device_area":"844763",
				"device_area_name":"MickMake",
				"device_model":"SH10RT",
				"device_model_code":"SH10RT",
				"device_model_id":714,
				"device_name":"SH10RT",
				"device_pro_sn":"A2192703899",
				"device_type":14,
				"device_uuid":844775,
				"grid_type_id":0,
				"is_haveversion":1,
				"lcd_version":"SAPPHIRE-H_01011.01.18",
				"machine_version":"011",
				"mdsp_version":"SAPPHIRE-H_03011.01.15",
				"modbus_address":"33272",
				"module":4,
				"point_id":10829,
				"point_name":"Load Intelligent Mode End Time: Hour",
				"ps_id":1129147,
				"ps_name":"MickMake",
				"ps_short_name":"B2192301528",
				"return_value":"0",
				"sdsp_version":"SUBCTL-S_04011.01.01",
				"set_precision":"1",
				"set_val_name":null,
				"set_val_name_val":null,
				"set_value":"0",
				"sn":"B2192301528",
				"task_detail_command_type":"10325",
				"task_detail_id":9942269,
				"task_id":1566045,
				"task_type":2,
				"unit":"h",
				"update_time":"2022-02-06 11:10:15",
				"version1":"SAPPHIRE-H_01011.01.18",
				"version2":"SAPPHIRE-H_03011.01.15",
				"version3":"SUBCTL-S_04011.01.01",
				"version4":null,
				"version5":null,
				"version6":null,
				"version7":null,
				"version8":null
			},
			{
				"chnnl_id":1,
				"command_status":4,
				"country_id":6,
				"create_time":"2022-02-06 11:10:14",
				"data_flag_detail":1813,
				"device_area":"844763",
				"device_area_name":"MickMake",
				"device_model":"SH10RT",
				"device_model_code":"SH10RT",
				"device_model_id":714,
				"device_name":"SH10RT",
				"device_pro_sn":"A2192703899",
				"device_type":14,
				"device_uuid":844775,
				"grid_type_id":0,
				"is_haveversion":1,
				"lcd_version":"SAPPHIRE-H_01011.01.18",
				"machine_version":"011",
				"mdsp_version":"SAPPHIRE-H_03011.01.15",
				"modbus_address":"33273",
				"module":4,
				"point_id":10831,
				"point_name":"Load Intelligent Mode End Time: Minute",
				"ps_id":1129147,
				"ps_name":"MickMake",
				"ps_short_name":"B2192301528",
				"return_value":"0",
				"sdsp_version":"SUBCTL-S_04011.01.01",
				"set_precision":"1",
				"set_val_name":null,
				"set_val_name_val":null,
				"set_value":"0",
				"sn":"B2192301528",
				"task_detail_command_type":"10325",
				"task_detail_id":9942270,
				"task_id":1566045,
				"task_type":2,
				"unit":"min",
				"update_time":"2022-02-06 11:10:15",
				"version1":"SAPPHIRE-H_01011.01.18",
				"version2":"SAPPHIRE-H_03011.01.15",
				"version3":"SUBCTL-S_04011.01.01",
				"version4":null,
				"version5":null,
				"version6":null,
				"version7":null,
				"version8":null
			},
			{
				"chnnl_id":1,
				"command_status":4,
				"country_id":6,
				"create_time":"2022-02-06 11:10:14",
				"data_flag_detail":1813,
				"device_area":"844763",
				"device_area_name":"MickMake",
				"device_model":"SH10RT",
				"device_model_code":"SH10RT",
				"device_model_id":714,
				"device_name":"SH10RT",
				"device_pro_sn":"A2192703899",
				"device_type":14,
				"device_uuid":844775,
				"grid_type_id":0,
				"is_haveversion":1,
				"lcd_version":"SAPPHIRE-H_01011.01.18",
				"machine_version":"011",
				"mdsp_version":"SAPPHIRE-H_03011.01.15",
				"modbus_address":"33274",
				"module":4,
				"point_id":10449,
				"point_name":"Load  Rated Power",
				"ps_id":1129147,
				"ps_name":"MickMake",
				"ps_short_name":"B2192301528",
				"return_value":"0",
				"sdsp_version":"SUBCTL-S_04011.01.01",
				"set_precision":"0.01",
				"set_val_name":null,
				"set_val_name_val":null,
				"set_value":"0",
				"sn":"B2192301528",
				"task_detail_command_type":"10325",
				"task_detail_id":9942271,
				"task_id":1566045,
				"task_type":2,
				"unit":"kW",
				"update_time":"2022-02-06 11:10:15",
				"version1":"SAPPHIRE-H_01011.01.18",
				"version2":"SAPPHIRE-H_03011.01.15",
				"version3":"SUBCTL-S_04011.01.01",
				"version4":null,
				"version5":null,
				"version6":null,
				"version7":null,
				"version8":null
			}
		],
		"ps_name_info_list":[
			{
				"ps_id":1129147,
				"ps_name":"MickMake",
				"ps_short_name":"B2192301528"
			}
		],
		"rowCount":47,
		"task_info":{
			"cancel_num":"0",
			"command_status":8,
			"command_type":10325,
			"create_time":"2022-02-06 11:10:14",
			"device_uuid":844775,
			"fail_num":"0",
			"in_execu_num":"0",
			"operate_user_id":276937,
			"over_time":"2022-02-06 11:10:15",
			"overtime_num":"0",
			"set_cancel_num":0,
			"set_fail_num":0,
			"set_finish_num":47,
			"set_overtime_num":0,
			"set_success_num":47,
			"set_total_num":47,
			"success_num":"47",
			"task_id":1566045,
			"task_name":"2022-02-06 12:10 SH10RT Inverter Parameter Query",
			"task_type":2,
			"user_english_name":null,
			"user_name":"MickMake",
			"waiting_do_num":"0"
		}
	},
	"result_msg":"success"
}