{
	"req_serial_num":"2022020919e54bf9ac1db387e7fb4048",
	"result_code":"1",
	"result_data":{
		"point_time_relation":[
			{
				"is_24_hour":"0",
				"point_list":[
					{
						"point_id":"10931",
						"time_type":"4"
					},
					{
						"point_id":"10933",
						"time_type":"5"
					}
				],
				"up_time_point_id":38171
			},
			{
				"is_24_hour":"1",
				"point_list":[
					{
						"point_id":"10935",
						"time_type":"4"
					},
					{
						"point_id":"10937",
						"time_type":"5"
					}
				],
				"up_time_point_id":38173
			},
			{
				"is_24_hour":"0",
				"point_list":[
					{
						"point_id":"10939",
						"time_type":"4"
					},
					{
						"point_id":"10941",
						"time_type":"5"
					}
				],
				"up_time_point_id":38175
			},
			{
				"is_24_hour":"1",
				"point_list":[
					{
						"point_id":"10943",
						"time_type":"4"
					},
					{
						"point_id":"10945",
						"time_type":"5"
					}
				],
				"up_time_point_id":38177
			},
			{
				"is_24_hour":"0",
				"point_list":[
					{
						"point_id":"10949",
						"time_type":"4"
					},
					{
						"point_id":"10951",
						"time_type":"5"
					}
				],
				"up_time_point_id":38179
			},
			{
				"is_24_hour":"1",
				"point_list":[
					{
						"point_id":"10953",
						"time_type":"4"
					},
					{
						"point_id":"10955",
						"time_type":"5"
					}
				],
				"up_time_point_id":38181
			},
			{
				"is_24_hour":"0",
				"point_list":[
					{
						"point_id":"10957",
						"time_type":"4"
					},
					{
						"point_id":"10959",
						"time_type":"5"
					}
				],
				"up_time_point_id":38183
			},
			{
				"is_24_hour":"1",
				"point_list":[
					{
						"point_id":"10961",
						"time_type":"4"
					},
					{
						"point_id":"10963",
						"time_type":"5"
					}
				],
				"up_time_point_id":38185
			},
			{
				"is_24_hour":"0",
				"point_list":[
					{
						"point_id":"10969",
						"time_type":"4"
					},
					{
						"point_id":"10971",
						"time_type":"5"
					}
				],
				"up_time_point_id":38187
			},
			{
				"is_24_hour":"1",
				"point_list":[
					{
						"point_id":"10973",
						"time_type":"4"
					},
					{
						"point_id":"10975",
						"time_type":"5"
					}
				],
				"up_time_point_id":38189
			},
			{
				"is_24_hour":"0",
				"point_list":[
					{
						"point_id":"10979",
						"time_type":"4"
					},
					{
						"point_id":"10981",
						"time_type":"5"
					}
				],
				"up_time_point_id":38191
			},
			{
				"is_24_hour":"1",
				"point_list":[
					{
						"point_id":"10983",
						"time_type":"4"
					},
					{
						"point_id":"10985",
						"time_type":"5"
					}
				],
				"up_time_point_id":38193
			},
			{
				"is_24_hour":"0",
				"point_list":[
					{
						"point_id":"10807",
						"time_type":"4"
					},
					{
						"point_id":"10809",
						"time_type":"5"
					}
				],
				"up_time_point_id":38195
			},
			{
				"is_24_hour":"1",
				"point_list":[
					{
						"point_id":"10811",
						"time_type":"4"
					},
					{
						"point_id":"10813",
						"time_type":"5"
					}
				],
				"up_time_point_id":38197
			},
			{
				"is_24_hour":"0",
				"point_list":[
					{
						"point_id":"10815",
						"time_type":"4"
					},
					{
						"point_id":"10817",
						"time_type":"5"
					}
				],
				"up_time_point_id":38199
			},
			{
				"is_24_hour":"1",
				"point_list":[
					{
						"point_id":"10819",
						"time_type":"4"
					},
					{
						"point_id":"10821",
						"time_type":"5"
					}
				],
				"up_time_point_id":38201
			},
			{
				"is_24_hour":"0",
				"point_list":[
					{
						"point_id":"10825",
						"time_type":"4"
					},
					{
						"point_id":"10827",
						"time_type":"5"
					}
				],
				"up_time_point_id":38203
			},
			{
				"is_24_hour":"1",
				"point_list":[
					{
						"point_id":"10829",
						"time_type":"4"
					},
					{
						"point_id":"10831",
						"time_type":"5"
					}
				],
				"up_time_point_id":38205
			}
		]
	},
	"result_msg":"success"
}